GAME_ID,EVENTNUM,EVENTMSGTYPE,EVENTMSGACTIONTYPE,PERIOD,WCTIMESTRING,PCTIMESTRING,HOMEDESCRIPTION,NEUTRALDESCRIPTION,VISITORDESCRIPTION,SCORE,SCOREMARGIN,PERSON1TYPE,PLAYER1_ID,PLAYER1_NAME,PLAYER1_TEAM_ID,PLAYER1_TEAM_CITY,PLAYER1_TEAM_NICKNAME,PLAYER1_TEAM_ABBREVIATION,PERSON2TYPE,PLAYER2_ID,PLAYER2_NAME,PLAYER2_TEAM_ID,PLAYER2_TEAM_CITY,PLAYER2_TEAM_NICKNAME,PLAYER2_TEAM_ABBREVIATION,PERSON3TYPE,PLAYER3_ID,PLAYER3_NAME,PLAYER3_TEAM_ID,PLAYER3_TEAM_CITY,PLAYER3_TEAM_NICKNAME,PLAYER3_TEAM_ABBREVIATION,VIDEO_AVAILABLE_FLAG
0022300708,2,12,0,1,6:17 PM,12:00,,Start of 1st Period (6:17 PM EST),,,,0,0,,,,,,0,0,,,,,,0,0,,,,,,0
0022300708,4,10,0,1,6:17 PM,12:00,Jump Ball Adebayo vs. Zubac: Tip to Rozier,,,,,4,1628389,Bam Adebayo,1610612748.0,Miami,Heat,MIA,5,1627826,Ivica Zubac,1610612746.0,LA,Clippers,LAC,4,1626179,Terry Rozier,1610612748.0,Miami,Heat,MIA,1
0022300708,7,2,1,1,6:18 PM,11:41,MISS Highsmith 26' 3PT Jump Shot,,,,,4,1629312,Haywood Highsmith,1610612748.0,Miami,Heat,MIA,0,0,,,,,,0,0,,,,,,1
0022300708,8,4,0,1,6:18 PM,11:36,,,Mann REBOUND (Off:0 Def:1),,,5,1629611,Terance Mann,1610612746.0,LA,Clippers,LAC,0,0,,,,,,0,0,,,,,,1
0022300708,9,2,79,1,6:18 PM,11:15,,,MISS Mann 25' 3PT Pullup Jump Shot,,,5,1629611,Terance Mann,1610612746.0,LA,Clippers,LAC,0,0,,,,,,0,0,,,,,,1
0022300708,10,4,0,1,6:18 PM,11:13,Adebayo REBOUND (Off:0 Def:1),,,,,4,1628389,Bam Adebayo,1610612748.0,Miami,Heat,MIA,0,0,,,,,,0,0,,,,,,1
0022300708,11,2,6,1,6:18 PM,11:03,MISS Adebayo 1' Driving Layup,,,,,4,1628389,Bam Adebayo,1610612748.0,Miami,Heat,MIA,0,0,,,,,,0,0,,,,,,1
0022300708,12,4,0,1,6:18 PM,10:59,Adebayo REBOUND (Off:2 Def:1),,,,,4,1628389,Bam Adebayo,1610612748.0,Miami,Heat,MIA,0,0,,,,,,0,0,,,,,,1
0022300708,13,2,97,1,6:18 PM,10:59,MISS Adebayo Tip Layup Shot,,,,,4,1628389,Bam Adebayo,1610612748.0,Miami,Heat,MIA,0,0,,,,,,0,0,,,,,,1
0022300708,14,4,0,1,6:18 PM,10:58,Adebayo REBOUND (Off:2 Def:1),,,,,4,1628389,Bam Adebayo,1610612748.0,Miami,Heat,MIA,0,0,,,,,,0,0,,,,,,1
0022300708,15,1,72,1,6:18 PM,10:57,Adebayo 1' Putback Layup (2 PTS),,,0 - 2,2,4,1628389,Bam Adebayo,1610612748.0,Miami,Heat,MIA,0,0,,,,,,0,0,,,,,,1
0022300708,16,2,1,1,6:19 PM,10:37,,,MISS Leonard 9' Jump Shot,,,5,202695,Kawhi Leonard,1610612746.0,LA,Clippers,LAC,0,0,,,,,,0,0,,,,,,1
0022300708,17,4,0,1,6:19 PM,10:33,Adebayo REBOUND (Off:2 Def:2),,,,,4,1628389,Bam Adebayo,1610612748.0,Miami,Heat,MIA,0,0,,,,,,0,0,,,,,,1
0022300708,18,6,2,1,6:19 PM,10:29,,,Zubac S.FOUL (P1.T1) (J.Goble),,,5,1627826,Ivica Zubac,1610612746.0,LA,Clippers,LAC,4,1628389,Bam Adebayo,1610612748.0,Miami,Heat,MIA,1,0,,,,,,1
0022300708,20,3,11,1,6:19 PM,10:29,Adebayo Free Throw 1 of 2 (3 PTS),,,0 - 3,3,4,1628389,Bam Adebayo,1610612748.0,Miami,Heat,MIA,0,0,,,,,,0,0,,,,,,1
0022300708,21,3,12,1,6:20 PM,10:29,Adebayo Free Throw 2 of 2 (4 PTS),,,0 - 4,4,4,1628389,Bam Adebayo,1610612748.0,Miami,Heat,MIA,0,0,,,,,,0,0,,,,,,1
0022300708,22,6,1,1,6:20 PM,10:19,Highsmith P.FOUL (P1.T1) (J.Goble),,,,,4,1629312,Haywood Highsmith,1610612748.0,Miami,Heat,MIA,5,202331,Paul George,1610612746.0,LA,Clippers,LAC,1,0,,,,,,1
0022300708,24,2,80,1,6:20 PM,10:13,,,MISS Harden 27' 3PT Step Back Jump Shot,,,5,201935,James Harden,1610612746.0,LA,Clippers,LAC,0,0,,,,,,0,0,,,,,,1
0022300708,25,4,0,1,6:20 PM,10:09,Adebayo REBOUND (Off:2 Def:3),,,,,4,1628389,Bam Adebayo,1610612748.0,Miami,Heat,MIA,0,0,,,,,,0,0,,,,,,1
0022300708,26,2,101,1,6:21 PM,10:01,MISS Richardson 12' Driving Floating Jump Shot,,,,,4,1626196,Josh Richardson,1610612748.0,Miami,Heat,MIA,0,0,,,,,,0,0,,,,,,1
0022300708,27,4,0,1,6:21 PM,9:57,,,George REBOUND (Off:0 Def:1),,,5,202331,Paul George,1610612746.0,LA,Clippers,LAC,0,0,,,,,,0,0,,,,,,1
0022300708,28,1,79,1,6:21 PM,9:46,,,George 27' 3PT Pullup Jump Shot (3 PTS),3 - 4,1,5,202331,Paul George,1610612746.0,LA,Clippers,LAC,0,0,,,,,,0,0,,,,,,1
0022300708,29,1,1,1,6:21 PM,9:29,Richardson 27' 3PT Jump Shot (3 PTS) (Butler 1 AST),,,3 - 7,4,4,1626196,Josh Richardson,1610612748.0,Miami,Heat,MIA,4,202710,Jimmy Butler III,1610612748.0,Miami,Heat,MIA,0,0,,,,,,1
0022300708,31,2,79,1,6:21 PM,9:19,,,MISS Leonard 28' 3PT Pullup Jump Shot,,,5,202695,Kawhi Leonard,1610612746.0,LA,Clippers,LAC,0,0,,,,,,0,0,,,,,,1
0022300708,32,4,0,1,6:21 PM,9:17,Adebayo REBOUND (Off:2 Def:4),,,,,4,1628389,Bam Adebayo,1610612748.0,Miami,Heat,MIA,0,0,,,,,,0,0,,,,,,1
0022300708,33,5,45,1,6:21 PM,9:08,Adebayo Out of Bounds - Bad Pass Turnover Turnover (P1.T1),,,,,4,1628389,Bam Adebayo,1610612748.0,Miami,Heat,MIA,0,0,,,,,,1,0,,,,,,1
0022300708,34,2,63,1,6:22 PM,9:00,,,MISS George 9' Fadeaway Jumper,,,5,202331,Paul George,1610612746.0,LA,Clippers,LAC,0,0,,,,,,0,0,,,,,,1
0022300708,35,4,0,1,6:22 PM,8:58,Rozier REBOUND (Off:0 Def:1),,,,,4,1626179,Terry Rozier,1610612748.0,Miami,Heat,MIA,0,0,,,,,,0,0,,,,,,1
0022300708,36,6,2,1,6:22 PM,8:51,,,Zubac S.FOUL (P2.T2) (J.Goble),,,5,1627826,Ivica Zubac,1610612746.0,LA,Clippers,LAC,4,1628389,Bam Adebayo,1610612748.0,Miami,Heat,MIA,1,0,,,,,,1
0022300708,38,3,11,1,6:23 PM,8:51,Adebayo Free Throw 1 of 2 (5 PTS),,,3 - 8,5,4,1628389,Bam Adebayo,1610612748.0,Miami,Heat,MIA,0,0,,,,,,0,0,,,,,,1
0022300708,39,3,12,1,6:23 PM,8:51,Adebayo Free Throw 2 of 2 (6 PTS),,,3 - 9,6,4,1628389,Bam Adebayo,1610612748.0,Miami,Heat,MIA,0,0,,,,,,0,0,,,,,,1
0022300708,40,5,45,1,6:23 PM,8:43,,,Harden Out of Bounds - Bad Pass Turnover Turnover (P1.T1),,,5,201935,James Harden,1610612746.0,LA,Clippers,LAC,0,0,,,,,,1,0,,,,,,1
0022300708,41,1,79,1,6:23 PM,8:34,Rozier 16' Pullup Jump Shot (2 PTS) (Adebayo 1 AST),,,3 - 11,8,4,1626179,Terry Rozier,1610612748.0,Miami,Heat,MIA,4,1628389,Bam Adebayo,1610612748.0,Miami,Heat,MIA,0,0,,,,,,1
0022300708,43,9,1,1,6:24 PM,8:33,,,Clippers Timeout: Regular (Reg.1 Short 0),,,3,1610612746,,,,,,0,0,,,,,,0,0,,,,,,0
0022300708,44,5,11,1,6:27 PM,8:09,,,Clippers Turnover: Shot Clock (T#2),,,3,1610612746,,,,,,0,0,,,,,,1,0,,,,,,1
0022300708,45,1,63,1,6:28 PM,7:50,Rozier 10' Fadeaway Jumper (4 PTS),,,3 - 13,10,4,1626179,Terry Rozier,1610612748.0,Miami,Heat,MIA,0,0,,,,,,0,0,,,,,,1
0022300708,46,1,79,1,6:28 PM,7:38,,,Harden 14' Pullup Jump Shot (2 PTS),5 - 13,8,5,201935,James Harden,1610612746.0,LA,Clippers,LAC,0,0,,,,,,0,0,,,,,,1
0022300708,47,2,1,1,6:28 PM,7:17,MISS Richardson 27' 3PT Jump Shot,,,,,4,1626196,Josh Richardson,1610612748.0,Miami,Heat,MIA,0,0,,,,,,0,0,,,,,,1
0022300708,48,4,0,1,6:28 PM,7:13,,,Harden REBOUND (Off:0 Def:1),,,5,201935,James Harden,1610612746.0,LA,Clippers,LAC,0,0,,,,,,0,0,,,,,,1
0022300708,49,2,80,1,6:28 PM,7:08,,,MISS Harden 16' Step Back Jump Shot,,,5,201935,James Harden,1610612746.0,LA,Clippers,LAC,0,0,,,,,,0,0,,,,,,1
0022300708,50,4,0,1,6:28 PM,7:06,,,Zubac REBOUND (Off:1 Def:0),,,5,1627826,Ivica Zubac,1610612746.0,LA,Clippers,LAC,0,0,,,,,,0,0,,,,,,1
0022300708,51,5,1,1,6:29 PM,7:06,Rozier STEAL (1 STL),,Zubac Bad Pass Turnover (P1.T3),,,5,1627826,Ivica Zubac,1610612746.0,LA,Clippers,LAC,4,1626179,Terry Rozier,1610612748.0,Miami,Heat,MIA,0,0,,,,,,1
0022300708,53,1,1,1,6:29 PM,6:45,Highsmith 24' 3PT Jump Shot (3 PTS) (Rozier 1 AST),,,5 - 16,11,4,1629312,Haywood Highsmith,1610612748.0,Miami,Heat,MIA,4,1626179,Terry Rozier,1610612748.0,Miami,Heat,MIA,0,0,,,,,,1
0022300708,55,2,78,1,6:29 PM,6:26,,,MISS Zubac 11' Floating Jump Shot,,,5,1627826,Ivica Zubac,1610612746.0,LA,Clippers,LAC,0,0,,,,,,0,0,,,,,,1
0022300708,56,4,0,1,6:29 PM,6:20,,,Mann REBOUND (Off:1 Def:1),,,5,1629611,Terance Mann,1610612746.0,LA,Clippers,LAC,0,0,,,,,,0,0,,,,,,1
0022300708,57,1,97,1,6:29 PM,6:20,,,Mann Tip Layup Shot (2 PTS),7 - 16,9,5,1629611,Terance Mann,1610612746.0,LA,Clippers,LAC,0,0,,,,,,0,0,,,,,,1
0022300708,58,2,80,1,6:29 PM,6:04,MISS Butler 17' Step Back Jump Shot,,,,,4,202710,Jimmy Butler III,1610612748.0,Miami,Heat,MIA,0,0,,,,,,0,0,,,,,,1
0022300708,59,4,0,1,6:30 PM,6:00,,,George REBOUND (Off:0 Def:2),,,5,202331,Paul George,1610612746.0,LA,Clippers,LAC,0,0,,,,,,0,0,,,,,,1
0022300708,60,2,1,1,6:30 PM,5:50,,,MISS George 27' 3PT Jump Shot,,,5,202331,Paul George,1610612746.0,LA,Clippers,LAC,0,0,,,,,,0,0,,,,,,1
0022300708,61,4,0,1,6:30 PM,5:48,Adebayo REBOUND (Off:2 Def:5),,,,,4,1628389,Bam Adebayo,1610612748.0,Miami,Heat,MIA,0,0,,,,,,0,0,,,,,,1
0022300708,62,2,1,1,6:30 PM,5:40,MISS Richardson 27' 3PT Jump Shot,,,,,4,1626196,Josh Richardson,1610612748.0,Miami,Heat,MIA,0,0,,,,,,0,0,,,,,,1
0022300708,63,4,0,1,6:30 PM,5:37,,,Leonard REBOUND (Off:0 Def:1),,,5,202695,Kawhi Leonard,1610612746.0,LA,Clippers,LAC,0,0,,,,,,0,0,,,,,,1
0022300708,65,8,0,1,6:30 PM,5:26,SUB: Jaquez Jr. FOR Adebayo,,,,,4,1628389,Bam Adebayo,1610612748.0,Miami,Heat,MIA,4,1631170,Jaime Jaquez Jr.,1610612748.0,Miami,Heat,MIA,0,0,,,,,,0
0022300708,66,8,0,1,6:30 PM,5:26,SUB: Love FOR Richardson,,,,,4,1626196,Josh Richardson,1610612748.0,Miami,Heat,MIA,4,201567,Kevin Love,1610612748.0,Miami,Heat,MIA,0,0,,,,,,0
0022300708,67,8,0,1,6:30 PM,5:26,,,SUB: Plumlee FOR Mann,,,5,1629611,Terance Mann,1610612746.0,LA,Clippers,LAC,5,203486,Mason Plumlee,1610612746.0,LA,Clippers,LAC,0,0,,,,,,0
0022300708,68,8,0,1,6:30 PM,5:26,,,SUB: Westbrook FOR Zubac,,,5,1627826,Ivica Zubac,1610612746.0,LA,Clippers,LAC,5,201566,Russell Westbrook,1610612746.0,LA,Clippers,LAC,0,0,,,,,,0
0022300708,73,5,39,1,6:31 PM,5:19,,,George Step Out of Bounds Turnover (P1.T4),,,5,202331,Paul George,1610612746.0,LA,Clippers,LAC,0,0,,,,,,1,0,,,,,,1
0022300708,74,8,0,1,6:31 PM,5:19,,,SUB: Powell FOR George,,,5,202331,Paul George,1610612746.0,LA,Clippers,LAC,5,1626181,Norman Powell,1610612746.0,LA,Clippers,LAC,0,0,,,,,,0
0022300708,76,2,1,1,6:31 PM,5:06,MISS Rozier 24' 3PT Jump Shot,,,,,4,1626179,Terry Rozier,1610612748.0,Miami,Heat,MIA,0,0,,,,,,0,0,,,,,,1
0022300708,77,4,0,1,6:31 PM,5:00,,,Plumlee REBOUND (Off:0 Def:1),,,5,203486,Mason Plumlee,1610612746.0,LA,Clippers,LAC,0,0,,,,,,0,0,,,,,,1
0022300708,78,2,6,1,6:32 PM,4:49,,,MISS Westbrook 1' Driving Layup,,,5,201566,Russell Westbrook,1610612746.0,LA,Clippers,LAC,0,0,,,,,,0,0,,,,,,1
0022300708,79,4,0,1,6:32 PM,4:46,Rozier REBOUND (Off:0 Def:2),,,,,4,1626179,Terry Rozier,1610612748.0,Miami,Heat,MIA,0,0,,,,,,0,0,,,,,,1
0022300708,80,5,1,1,6:32 PM,4:44,Rozier Bad Pass Turnover (P1.T2),,Harden STEAL (1 STL),,,4,1626179,Terry Rozier,1610612748.0,Miami,Heat,MIA,5,201935,James Harden,1610612746.0,LA,Clippers,LAC,0,0,,,,,,1
0022300708,82,1,41,1,6:32 PM,4:41,,,Westbrook 2' Running Layup (2 PTS) (Harden 1 AST),9 - 16,7,5,201566,Russell Westbrook,1610612746.0,LA,Clippers,LAC,5,201935,James Harden,1610612746.0,LA,Clippers,LAC,0,0,,,,,,1
0022300708,84,2,101,1,6:32 PM,4:20,MISS Highsmith 5' Driving Floating Jump Shot,,,,,4,1629312,Haywood Highsmith,1610612748.0,Miami,Heat,MIA,0,0,,,,,,0,0,,,,,,1
0022300708,85,4,0,1,6:32 PM,4:17,,,Harden REBOUND (Off:0 Def:2),,,5,201935,James Harden,1610612746.0,LA,Clippers,LAC,0,0,,,,,,0,0,,,,,,1
0022300708,86,1,50,1,6:32 PM,4:16,,,Leonard 3' Running Dunk (2 PTS) (Harden 2 AST),11 - 16,5,5,202695,Kawhi Leonard,1610612746.0,LA,Clippers,LAC,5,201935,James Harden,1610612746.0,LA,Clippers,LAC,0,0,,,,,,1
0022300708,88,9,1,1,6:32 PM,4:16,HEAT Timeout: Regular (Full 1 Short 0),,,,,2,1610612748,,,,,,0,0,,,,,,0,0,,,,,,0
0022300708,89,8,0,1,6:32 PM,4:16,SUB: Martin FOR Highsmith,,,,,4,1629312,Haywood Highsmith,1610612748.0,Miami,Heat,MIA,4,1628997,Caleb Martin,1610612748.0,Miami,Heat,MIA,0,0,,,,,,0
0022300708,90,8,0,1,6:32 PM,4:16,,,SUB: Coffey FOR Harden,,,5,201935,James Harden,1610612746.0,LA,Clippers,LAC,5,1629599,Amir Coffey,1610612746.0,LA,Clippers,LAC,0,0,,,,,,0
0022300708,93,1,5,1,6:36 PM,4:05,Butler 2' Layup (2 PTS) (Love 1 AST),,,11 - 18,7,4,202710,Jimmy Butler III,1610612748.0,Miami,Heat,MIA,4,201567,Kevin Love,1610612748.0,Miami,Heat,MIA,0,0,,,,,,1
0022300708,95,5,40,1,6:36 PM,3:38,,,Westbrook Out of Bounds Lost Ball Turnover (P1.T5),,,5,201566,Russell Westbrook,1610612746.0,LA,Clippers,LAC,0,0,,,,,,1,0,,,,,,1
0022300708,96,5,1,1,6:37 PM,3:24,Love Bad Pass Turnover (P1.T3),,Westbrook STEAL (1 STL),,,4,201567,Kevin Love,1610612748.0,Miami,Heat,MIA,5,201566,Russell Westbrook,1610612746.0,LA,Clippers,LAC,0,0,,,,,,1
0022300708,98,1,79,1,6:37 PM,3:14,,,Powell 19' Pullup Jump Shot (2 PTS),13 - 18,5,5,1626181,Norman Powell,1610612746.0,LA,Clippers,LAC,0,0,,,,,,0,0,,,,,,1
0022300708,99,1,1,1,6:37 PM,2:58,Butler 19' Jump Shot (4 PTS) (Jaquez Jr. 1 AST),,,13 - 20,7,4,202710,Jimmy Butler III,1610612748.0,Miami,Heat,MIA,4,1631170,Jaime Jaquez Jr.,1610612748.0,Miami,Heat,MIA,0,0,,,,,,1
0022300708,101,1,6,1,6:37 PM,2:35,,,Powell 2' Driving Layup (4 PTS),15 - 20,5,5,1626181,Norman Powell,1610612746.0,LA,Clippers,LAC,0,0,,,,,,0,0,,,,,,1
0022300708,102,2,47,1,6:38 PM,2:17,MISS Butler 4' Turnaround Jump Shot,,,,,4,202710,Jimmy Butler III,1610612748.0,Miami,Heat,MIA,0,0,,,,,,0,0,,,,,,1
0022300708,103,4,0,1,6:38 PM,2:15,,,Westbrook REBOUND (Off:0 Def:1),,,5,201566,Russell Westbrook,1610612746.0,LA,Clippers,LAC,0,0,,,,,,0,0,,,,,,1
0022300708,104,2,1,1,6:38 PM,2:04,,,MISS Westbrook 3PT Jump Shot,,,5,201566,Russell Westbrook,1610612746.0,LA,Clippers,LAC,0,0,,,,,,0,0,,,,,,1
0022300708,105,4,0,1,6:38 PM,2:01,Rozier REBOUND (Off:0 Def:3),,,,,4,1626179,Terry Rozier,1610612748.0,Miami,Heat,MIA,0,0,,,,,,0,0,,,,,,1
0022300708,106,5,45,1,6:38 PM,1:57,Rozier Out of Bounds - Bad Pass Turnover Turnover (P2.T4),,,,,4,1626179,Terry Rozier,1610612748.0,Miami,Heat,MIA,0,0,,,,,,1,0,,,,,,1
0022300708,107,8,0,1,6:38 PM,1:57,SUB: Richardson FOR Rozier,,,,,4,1626179,Terry Rozier,1610612748.0,Miami,Heat,MIA,4,1626196,Josh Richardson,1610612748.0,Miami,Heat,MIA,0,0,,,,,,0
0022300708,108,8,0,1,6:38 PM,1:57,SUB: Adebayo FOR Butler,,,,,4,202710,Jimmy Butler III,1610612748.0,Miami,Heat,MIA,4,1628389,Bam Adebayo,1610612748.0,Miami,Heat,MIA,0,0,,,,,,0
0022300708,111,2,1,1,6:39 PM,1:46,,,MISS Powell 3PT Jump Shot,,,5,1626181,Norman Powell,1610612746.0,LA,Clippers,LAC,0,0,,,,,,0,0,,,,,,1
0022300708,112,4,0,1,6:39 PM,1:44,,,Plumlee REBOUND (Off:1 Def:1),,,5,203486,Mason Plumlee,1610612746.0,LA,Clippers,LAC,0,0,,,,,,0,0,,,,,,1
0022300708,113,6,2,1,6:39 PM,1:39,Richardson S.FOUL (P1.T2) (J.Goble),,,,,4,1626196,Josh Richardson,1610612748.0,Miami,Heat,MIA,5,202695,Kawhi Leonard,1610612746.0,LA,Clippers,LAC,1,0,,,,,,1
0022300708,115,3,11,1,6:39 PM,1:39,,,Leonard Free Throw 1 of 2 (3 PTS),16 - 20,4,5,202695,Kawhi Leonard,1610612746.0,LA,Clippers,LAC,0,0,,,,,,0,0,,,,,,1
0022300708,116,3,12,1,6:40 PM,1:39,,,Leonard Free Throw 2 of 2 (4 PTS),17 - 20,3,5,202695,Kawhi Leonard,1610612746.0,LA,Clippers,LAC,0,0,,,,,,0,0,,,,,,1
0022300708,117,2,3,1,6:40 PM,1:25,MISS Jaquez Jr. 4' Hook Shot,,,,,4,1631170,Jaime Jaquez Jr.,1610612748.0,Miami,Heat,MIA,0,0,,,,,,0,0,,,,,,1
0022300708,118,4,0,1,6:40 PM,1:23,,,Plumlee REBOUND (Off:1 Def:2),,,5,203486,Mason Plumlee,1610612746.0,LA,Clippers,LAC,0,0,,,,,,0,0,,,,,,1
0022300708,119,2,75,1,6:40 PM,1:08,,,MISS Westbrook 4' Driving Finger Roll Layup,,,5,201566,Russell Westbrook,1610612746.0,LA,Clippers,LAC,0,0,,,,,,0,0,,,,,,1
0022300708,120,4,0,1,6:40 PM,1:06,Richardson REBOUND (Off:0 Def:1),,,,,4,1626196,Josh Richardson,1610612748.0,Miami,Heat,MIA,0,0,,,,,,0,0,,,,,,1
0022300708,121,2,41,1,6:40 PM,1:02,MISS Jaquez Jr. 2' Running Layup,,,,,4,1631170,Jaime Jaquez Jr.,1610612748.0,Miami,Heat,MIA,0,0,,,,,,0,0,,,,,,1
0022300708,122,4,0,1,6:40 PM,1:02,,,Clippers Rebound,,,3,1610612746,,,,,,0,0,,,,,,0,0,,,,,,0
0022300708,124,5,45,1,6:41 PM,0:41,,,Westbrook Out of Bounds - Bad Pass Turnover Turnover (P2.T6),,,5,201566,Russell Westbrook,1610612746.0,LA,Clippers,LAC,0,0,,,,,,1,0,,,,,,1
0022300708,125,1,79,1,6:41 PM,0:22,Martin 13' Pullup Jump Shot (2 PTS) (Adebayo 2 AST),,,17 - 22,5,4,1628997,Caleb Martin,1610612748.0,Miami,Heat,MIA,4,1628389,Bam Adebayo,1610612748.0,Miami,Heat,MIA,0,0,,,,,,1
0022300708,126,2,1,1,6:42 PM,0:06,,,MISS Powell 28' 3PT Jump Shot,,,5,1626181,Norman Powell,1610612746.0,LA,Clippers,LAC,0,0,,,,,,0,0,,,,,,1
0022300708,127,4,0,1,6:42 PM,0:02,,,Leonard REBOUND (Off:2 Def:1),,,5,202695,Kawhi Leonard,1610612746.0,LA,Clippers,LAC,0,0,,,,,,0,0,,,,,,1
0022300708,128,2,97,1,6:42 PM,0:02,,,MISS Leonard Tip Layup Shot,,,5,202695,Kawhi Leonard,1610612746.0,LA,Clippers,LAC,0,0,,,,,,0,0,,,,,,1
0022300708,129,4,0,1,6:42 PM,0:02,,,Leonard REBOUND (Off:2 Def:1),,,5,202695,Kawhi Leonard,1610612746.0,LA,Clippers,LAC,0,0,,,,,,0,0,,,,,,1
0022300708,130,2,97,1,6:42 PM,0:02,,,MISS Leonard Tip Layup Shot,,,5,202695,Kawhi Leonard,1610612746.0,LA,Clippers,LAC,0,0,,,,,,0,0,,,,,,1
0022300708,131,4,0,1,6:42 PM,0:02,,,Clippers Rebound,,,3,1610612746,,,,,,0,0,,,,,,0,0,,,,,,1
0022300708,134,1,1,1,6:42 PM,0:00,,,Leonard 11' Jump Shot (6 PTS) (Westbrook 1 AST),19 - 22,3,5,202695,Kawhi Leonard,1610612746.0,LA,Clippers,LAC,5,201566,Russell Westbrook,1610612746.0,LA,Clippers,LAC,0,0,,,,,,1
0022300708,136,13,0,1,6:42 PM,0:00,,End of 1st Period (6:42 PM EST),,19 - 22,3,0,0,,,,,,0,0,,,,,,0,0,,,,,,1
0022300708,141,12,0,2,6:47 PM,12:00,,Start of 2nd Period (6:47 PM EST),,19 - 22,3,0,0,,,,,,0,0,,,,,,0,0,,,,,,0
0022300708,142,6,1,2,6:47 PM,11:47,Richardson P.FOUL (P2.T1) (J.Goble),,,,,4,1626196,Josh Richardson,1610612748.0,Miami,Heat,MIA,5,203486,Mason Plumlee,1610612746.0,LA,Clippers,LAC,1,0,,,,,,1
0022300708,144,2,79,2,6:47 PM,11:37,,,MISS Powell 24' 3PT Pullup Jump Shot,,,5,1626181,Norman Powell,1610612746.0,LA,Clippers,LAC,0,0,,,,,,0,0,,,,,,1
0022300708,145,4,0,2,6:47 PM,11:33,Highsmith REBOUND (Off:0 Def:1),,,,,4,1629312,Haywood Highsmith,1610612748.0,Miami,Heat,MIA,0,0,,,,,,0,0,,,,,,1
0022300708,146,6,2,2,6:47 PM,11:30,,,Coffey S.FOUL (P1.T1) (J.Goble),,,5,1629599,Amir Coffey,1610612746.0,LA,Clippers,LAC,4,1628997,Caleb Martin,1610612748.0,Miami,Heat,MIA,1,0,,,,,,1
0022300708,148,3,11,2,6:48 PM,11:30,MISS Martin Free Throw 1 of 2,,,,,4,1628997,Caleb Martin,1610612748.0,Miami,Heat,MIA,0,0,,,,,,0,0,,,,,,1
0022300708,149,4,1,2,6:48 PM,11:30,HEAT Rebound,,,,,2,1610612748,,,,,,0,0,,,,,,0,0,,,,,,0
0022300708,150,3,12,2,6:48 PM,11:30,Martin Free Throw 2 of 2 (3 PTS),,,19 - 23,4,4,1628997,Caleb Martin,1610612748.0,Miami,Heat,MIA,0,0,,,,,,0,0,,,,,,1
0022300708,151,5,1,2,6:49 PM,11:09,Adebayo STEAL (1 STL),,Westbrook Bad Pass Turnover (P3.T7),,,5,201566,Russell Westbrook,1610612746.0,LA,Clippers,LAC,4,1628389,Bam Adebayo,1610612748.0,Miami,Heat,MIA,0,0,,,,,,1
0022300708,153,1,9,2,6:49 PM,10:59,Martin 1' Driving Dunk (5 PTS) (Jaquez Jr. 2 AST),,,19 - 25,6,4,1628997,Caleb Martin,1610612748.0,Miami,Heat,MIA,4,1631170,Jaime Jaquez Jr.,1610612748.0,Miami,Heat,MIA,0,0,,,,,,1
0022300708,155,1,1,2,6:49 PM,10:41,,,Westbrook 3PT Jump Shot (5 PTS) (Powell 1 AST),22 - 25,3,5,201566,Russell Westbrook,1610612746.0,LA,Clippers,LAC,5,1626181,Norman Powell,1610612746.0,LA,Clippers,LAC,0,0,,,,,,1
0022300708,157,2,1,2,6:49 PM,10:20,MISS Highsmith 25' 3PT Jump Shot,,,,,4,1629312,Haywood Highsmith,1610612748.0,Miami,Heat,MIA,0,0,,,,,,0,0,,,,,,1
0022300708,158,4,0,2,6:49 PM,10:17,,,Coffey REBOUND (Off:0 Def:1),,,5,1629599,Amir Coffey,1610612746.0,LA,Clippers,LAC,0,0,,,,,,0,0,,,,,,1
0022300708,159,2,80,2,6:50 PM,10:08,,,MISS Harden 28' 3PT Step Back Jump Shot,,,5,201935,James Harden,1610612746.0,LA,Clippers,LAC,0,0,,,,,,0,0,,,,,,1
0022300708,160,4,0,2,6:50 PM,10:04,Richardson REBOUND (Off:0 Def:2),,,,,4,1626196,Josh Richardson,1610612748.0,Miami,Heat,MIA,0,0,,,,,,0,0,,,,,,1
0022300708,161,2,1,2,6:50 PM,9:50,MISS Martin 25' 3PT Jump Shot,,,,,4,1628997,Caleb Martin,1610612748.0,Miami,Heat,MIA,0,0,,,,,,0,0,,,,,,1
0022300708,162,4,0,2,6:50 PM,9:46,Jaquez Jr. REBOUND (Off:1 Def:0),,,,,4,1631170,Jaime Jaquez Jr.,1610612748.0,Miami,Heat,MIA,0,0,,,,,,0,0,,,,,,1
0022300708,163,1,73,2,6:50 PM,9:39,Martin 1' Driving Reverse Layup (7 PTS),,,22 - 27,5,4,1628997,Caleb Martin,1610612748.0,Miami,Heat,MIA,0,0,,,,,,0,0,,,,,,1
0022300708,164,1,1,2,6:50 PM,9:16,,,Harden 25' 3PT Jump Shot (5 PTS) (Westbrook 2 AST),25 - 27,2,5,201935,James Harden,1610612746.0,LA,Clippers,LAC,5,201566,Russell Westbrook,1610612746.0,LA,Clippers,LAC,0,0,,,,,,1
0022300708,166,2,1,2,6:51 PM,8:57,MISS Adebayo 7' Jump Shot,,,,,4,1628389,Bam Adebayo,1610612748.0,Miami,Heat,MIA,0,0,,,,,,0,0,,,,,,1
0022300708,167,4,0,2,6:51 PM,8:55,,,Plumlee REBOUND (Off:1 Def:3),,,5,203486,Mason Plumlee,1610612746.0,LA,Clippers,LAC,0,0,,,,,,0,0,,,,,,1
0022300708,168,1,1,2,6:51 PM,8:39,,,Powell 3PT Jump Shot (7 PTS) (Harden 3 AST),28 - 27,-1,5,1626181,Norman Powell,1610612746.0,LA,Clippers,LAC,5,201935,James Harden,1610612746.0,LA,Clippers,LAC,0,0,,,,,,1
0022300708,170,9,1,2,6:51 PM,8:36,HEAT Timeout: Regular (Full 2 Short 0),,,,,2,1610612748,,,,,,0,0,,,,,,0,0,,,,,,0
0022300708,171,8,0,2,6:52 PM,8:36,,,SUB: George FOR Westbrook,,,5,201566,Russell Westbrook,1610612746.0,LA,Clippers,LAC,5,202331,Paul George,1610612746.0,LA,Clippers,LAC,0,0,,,,,,0
0022300708,172,8,0,2,6:52 PM,8:36,,,SUB: Zubac FOR Plumlee,,,5,203486,Mason Plumlee,1610612746.0,LA,Clippers,LAC,5,1627826,Ivica Zubac,1610612746.0,LA,Clippers,LAC,0,0,,,,,,0
0022300708,175,5,45,2,6:55 PM,8:21,Jaquez Jr. Out of Bounds - Bad Pass Turnover Turnover (P1.T5),,,,,4,1631170,Jaime Jaquez Jr.,1610612748.0,Miami,Heat,MIA,0,0,,,,,,1,0,,,,,,1
0022300708,176,8,0,2,6:55 PM,8:21,SUB: Rozier FOR Richardson,,,,,4,1626196,Josh Richardson,1610612748.0,Miami,Heat,MIA,4,1626179,Terry Rozier,1610612748.0,Miami,Heat,MIA,0,0,,,,,,0
0022300708,178,1,79,2,6:55 PM,8:07,,,Coffey 10' Pullup Jump Shot (2 PTS) (Harden 4 AST),30 - 27,-3,5,1629599,Amir Coffey,1610612746.0,LA,Clippers,LAC,5,201935,James Harden,1610612746.0,LA,Clippers,LAC,0,0,,,,,,1
0022300708,180,2,6,2,6:56 PM,7:58,MISS Martin 3' Driving Layup,,,,,4,1628997,Caleb Martin,1610612748.0,Miami,Heat,MIA,0,0,,,,,,0,0,,,,,,1
0022300708,181,4,0,2,6:56 PM,7:54,,,Zubac REBOUND (Off:1 Def:1),,,5,1627826,Ivica Zubac,1610612746.0,LA,Clippers,LAC,0,0,,,,,,0,0,,,,,,1
0022300708,182,2,1,2,6:56 PM,7:50,,,MISS George 27' 3PT Jump Shot,,,5,202331,Paul George,1610612746.0,LA,Clippers,LAC,0,0,,,,,,0,0,,,,,,1
0022300708,183,4,0,2,6:56 PM,7:47,Martin REBOUND (Off:0 Def:1),,,,,4,1628997,Caleb Martin,1610612748.0,Miami,Heat,MIA,0,0,,,,,,0,0,,,,,,1
0022300708,184,1,80,2,6:56 PM,7:35,Rozier 14' Step Back Jump Shot (6 PTS),,,30 - 29,-1,4,1626179,Terry Rozier,1610612748.0,Miami,Heat,MIA,0,0,,,,,,0,0,,,,,,1
0022300708,185,2,57,2,6:56 PM,7:16,,,MISS George 4' Driving Hook Shot,,,5,202331,Paul George,1610612746.0,LA,Clippers,LAC,0,0,,,,,,0,0,,,,,,1
0022300708,186,4,0,2,6:56 PM,7:16,HEAT Rebound,,,,,2,1610612748,,,,,,0,0,,,,,,0,0,,,,,,0
0022300708,187,1,78,2,6:57 PM,7:04,Adebayo 9' Floating Jump Shot (8 PTS) (Rozier 2 AST),,,30 - 31,1,4,1628389,Bam Adebayo,1610612748.0,Miami,Heat,MIA,4,1626179,Terry Rozier,1610612748.0,Miami,Heat,MIA,0,0,,,,,,1
0022300708,189,1,1,2,6:57 PM,6:48,,,Coffey 25' 3PT Jump Shot (5 PTS) (Harden 5 AST),33 - 31,-2,5,1629599,Amir Coffey,1610612746.0,LA,Clippers,LAC,5,201935,James Harden,1610612746.0,LA,Clippers,LAC,0,0,,,,,,1
0022300708,191,2,1,2,6:57 PM,6:34,MISS Jaquez Jr. 24' 3PT Jump Shot,,,,,4,1631170,Jaime Jaquez Jr.,1610612748.0,Miami,Heat,MIA,0,0,,,,,,0,0,,,,,,1
0022300708,192,4,0,2,6:57 PM,6:29,,,Powell REBOUND (Off:0 Def:1),,,5,1626181,Norman Powell,1610612746.0,LA,Clippers,LAC,0,0,,,,,,0,0,,,,,,1
0022300708,193,2,79,2,6:58 PM,6:05,,,MISS George 17' Pullup Jump Shot,,,5,202331,Paul George,1610612746.0,LA,Clippers,LAC,0,0,,,,,,0,0,,,,,,1
0022300708,194,4,0,2,6:58 PM,6:02,Highsmith REBOUND (Off:0 Def:2),,,,,4,1629312,Haywood Highsmith,1610612748.0,Miami,Heat,MIA,0,0,,,,,,0,0,,,,,,1
0022300708,195,2,6,2,6:58 PM,5:53,MISS Rozier 2' Driving Layup,,,,,4,1626179,Terry Rozier,1610612748.0,Miami,Heat,MIA,0,0,,,,,,0,0,,,,,,1
0022300708,196,4,0,2,6:58 PM,5:51,,,Harden REBOUND (Off:0 Def:3),,,5,201935,James Harden,1610612746.0,LA,Clippers,LAC,0,0,,,,,,0,0,,,,,,1
0022300708,197,5,1,2,6:58 PM,5:44,Martin STEAL (1 STL),,Harden Bad Pass Turnover (P2.T8),,,5,201935,James Harden,1610612746.0,LA,Clippers,LAC,4,1628997,Caleb Martin,1610612748.0,Miami,Heat,MIA,0,0,,,,,,1
0022300708,199,1,78,2,6:58 PM,5:31,Rozier 12' Floating Jump Shot (8 PTS) (Martin 1 AST),,,33 - 33,TIE,4,1626179,Terry Rozier,1610612748.0,Miami,Heat,MIA,4,1628997,Caleb Martin,1610612748.0,Miami,Heat,MIA,0,0,,,,,,1
0022300708,201,9,1,2,6:58 PM,5:31,,,Clippers Timeout: Regular (Reg.2 Short 0),,,3,1610612746,,,,,,0,0,,,,,,0,0,,,,,,0
0022300708,202,8,0,2,6:59 PM,5:31,SUB: Love FOR Adebayo,,,,,4,1628389,Bam Adebayo,1610612748.0,Miami,Heat,MIA,4,201567,Kevin Love,1610612748.0,Miami,Heat,MIA,0,0,,,,,,0
0022300708,203,8,0,2,6:59 PM,5:31,SUB: Butler FOR Highsmith,,,,,4,1629312,Haywood Highsmith,1610612748.0,Miami,Heat,MIA,4,202710,Jimmy Butler III,1610612748.0,Miami,Heat,MIA,0,0,,,,,,0
0022300708,204,8,0,2,6:59 PM,5:31,,,SUB: Leonard FOR Coffey,,,5,1629599,Amir Coffey,1610612746.0,LA,Clippers,LAC,5,202695,Kawhi Leonard,1610612746.0,LA,Clippers,LAC,0,0,,,,,,0
0022300708,205,8,0,2,6:59 PM,5:31,,,SUB: Mann FOR Powell,,,5,1626181,Norman Powell,1610612746.0,LA,Clippers,LAC,5,1629611,Terance Mann,1610612746.0,LA,Clippers,LAC,0,0,,,,,,0
0022300708,210,2,1,2,7:02 PM,5:17,,,MISS George 26' 3PT Jump Shot,,,5,202331,Paul George,1610612746.0,LA,Clippers,LAC,0,0,,,,,,0,0,,,,,,1
0022300708,211,4,0,2,7:02 PM,5:14,Love REBOUND (Off:0 Def:1),,,,,4,201567,Kevin Love,1610612748.0,Miami,Heat,MIA,0,0,,,,,,0,0,,,,,,1
0022300708,212,2,1,2,7:02 PM,5:03,MISS Love 27' 3PT Jump Shot,,,,,4,201567,Kevin Love,1610612748.0,Miami,Heat,MIA,0,0,,,,,,0,0,,,,,,1
0022300708,213,4,0,2,7:02 PM,4:58,,,Mann REBOUND (Off:1 Def:2),,,5,1629611,Terance Mann,1610612746.0,LA,Clippers,LAC,0,0,,,,,,0,0,,,,,,1
0022300708,214,2,1,2,7:02 PM,4:46,,,MISS Leonard 26' 3PT Jump Shot,,,5,202695,Kawhi Leonard,1610612746.0,LA,Clippers,LAC,0,0,,,,,,0,0,,,,,,1
0022300708,215,4,0,2,7:03 PM,4:43,Martin REBOUND (Off:0 Def:2),,,,,4,1628997,Caleb Martin,1610612748.0,Miami,Heat,MIA,0,0,,,,,,0,0,,,,,,1
0022300708,216,1,1,2,7:03 PM,4:36,Love 26' 3PT Jump Shot (3 PTS) (Martin 2 AST),,,33 - 36,3,4,201567,Kevin Love,1610612748.0,Miami,Heat,MIA,4,1628997,Caleb Martin,1610612748.0,Miami,Heat,MIA,0,0,,,,,,1
0022300708,218,1,7,2,7:03 PM,4:17,,,Zubac 2' Dunk (2 PTS) (Leonard 1 AST),35 - 36,1,5,1627826,Ivica Zubac,1610612746.0,LA,Clippers,LAC,5,202695,Kawhi Leonard,1610612746.0,LA,Clippers,LAC,0,0,,,,,,1
0022300708,220,2,80,2,7:03 PM,4:06,MISS Rozier 20' Step Back Jump Shot,,,,,4,1626179,Terry Rozier,1610612748.0,Miami,Heat,MIA,0,0,,,,,,0,0,,,,,,1
0022300708,221,4,0,2,7:03 PM,4:01,,,Leonard REBOUND (Off:2 Def:2),,,5,202695,Kawhi Leonard,1610612746.0,LA,Clippers,LAC,0,0,,,,,,0,0,,,,,,1
0022300708,222,5,45,2,7:03 PM,4:00,,,George Out of Bounds - Bad Pass Turnover Turnover (P2.T9),,,5,202331,Paul George,1610612746.0,LA,Clippers,LAC,0,0,,,,,,1,0,,,,,,1
0022300708,223,5,2,2,7:04 PM,3:43,Jaquez Jr. Lost Ball Turnover (P2.T6),,George STEAL (1 STL),,,4,1631170,Jaime Jaquez Jr.,1610612748.0,Miami,Heat,MIA,5,202331,Paul George,1610612746.0,LA,Clippers,LAC,0,0,,,,,,1
0022300708,225,1,80,2,7:04 PM,3:31,,,George 26' 3PT Step Back Jump Shot (6 PTS),38 - 36,-2,5,202331,Paul George,1610612746.0,LA,Clippers,LAC,0,0,,,,,,0,0,,,,,,1
0022300708,226,2,79,2,7:04 PM,3:04,MISS Martin 3PT Pullup Jump Shot,,,,,4,1628997,Caleb Martin,1610612748.0,Miami,Heat,MIA,0,0,,,,,,0,0,,,,,,1
0022300708,227,4,0,2,7:04 PM,3:00,Butler REBOUND (Off:1 Def:0),,,,,4,202710,Jimmy Butler III,1610612748.0,Miami,Heat,MIA,0,0,,,,,,0,0,,,,,,1
0022300708,228,2,72,2,7:04 PM,2:58,MISS Butler 4' Putback Layup,,,,,4,202710,Jimmy Butler III,1610612748.0,Miami,Heat,MIA,0,0,,,,,,0,0,,,,,,1
0022300708,229,4,0,2,7:04 PM,2:56,,,Zubac REBOUND (Off:1 Def:2),,,5,1627826,Ivica Zubac,1610612746.0,LA,Clippers,LAC,0,0,,,,,,0,0,,,,,,1
0022300708,230,1,1,2,7:05 PM,2:52,,,Leonard 26' 3PT Jump Shot (9 PTS) (Mann 1 AST),41 - 36,-5,5,202695,Kawhi Leonard,1610612746.0,LA,Clippers,LAC,5,1629611,Terance Mann,1610612746.0,LA,Clippers,LAC,0,0,,,,,,1
0022300708,232,2,1,2,7:05 PM,2:34,MISS Love 27' 3PT Jump Shot,,,,,4,201567,Kevin Love,1610612748.0,Miami,Heat,MIA,0,0,,,,,,0,0,,,,,,1
0022300708,233,4,0,2,7:05 PM,2:32,,,George REBOUND (Off:0 Def:3),,,5,202331,Paul George,1610612746.0,LA,Clippers,LAC,0,0,,,,,,0,0,,,,,,1
0022300708,234,2,47,2,7:05 PM,2:18,,,MISS Zubac 2' Turnaround Jump Shot,,,5,1627826,Ivica Zubac,1610612746.0,LA,Clippers,LAC,0,0,,,,,,0,0,,,,,,1
0022300708,235,4,0,2,7:05 PM,2:15,Love REBOUND (Off:0 Def:2),,,,,4,201567,Kevin Love,1610612748.0,Miami,Heat,MIA,0,0,,,,,,0,0,,,,,,1
0022300708,236,1,1,2,7:05 PM,2:09,Butler 25' 3PT Jump Shot (7 PTS) (Love 2 AST),,,41 - 39,-2,4,202710,Jimmy Butler III,1610612748.0,Miami,Heat,MIA,4,201567,Kevin Love,1610612748.0,Miami,Heat,MIA,0,0,,,,,,1
0022300708,238,9,1,2,7:05 PM,2:07,,,Clippers Timeout: Regular (Reg.3 Short 0),,,3,1610612746,,,,,,0,0,,,,,,0,0,,,,,,0
0022300708,239,8,0,2,7:06 PM,2:07,SUB: Richardson FOR Jaquez Jr.,,,,,4,1631170,Jaime Jaquez Jr.,1610612748.0,Miami,Heat,MIA,4,1626196,Josh Richardson,1610612748.0,Miami,Heat,MIA,0,0,,,,,,0
0022300708,240,8,0,2,7:06 PM,2:07,SUB: Adebayo FOR Martin,,,,,4,1628997,Caleb Martin,1610612748.0,Miami,Heat,MIA,4,1628389,Bam Adebayo,1610612748.0,Miami,Heat,MIA,0,0,,,,,,0
0022300708,241,8,0,2,7:06 PM,2:07,SUB: Highsmith FOR Love,,,,,4,201567,Kevin Love,1610612748.0,Miami,Heat,MIA,4,1629312,Haywood Highsmith,1610612748.0,Miami,Heat,MIA,0,0,,,,,,0
0022300708,242,8,0,2,7:06 PM,2:07,,,SUB: Coffey FOR Zubac,,,5,1627826,Ivica Zubac,1610612746.0,LA,Clippers,LAC,5,1629599,Amir Coffey,1610612746.0,LA,Clippers,LAC,0,0,,,,,,0
0022300708,247,2,1,2,7:07 PM,1:51,,,MISS George 24' 3PT Jump Shot,,,5,202331,Paul George,1610612746.0,LA,Clippers,LAC,0,0,,,,,,0,0,,,,,,1
0022300708,248,4,0,2,7:07 PM,1:48,,,Coffey REBOUND (Off:1 Def:1),,,5,1629599,Amir Coffey,1610612746.0,LA,Clippers,LAC,0,0,,,,,,0,0,,,,,,1
0022300708,249,2,80,2,7:07 PM,1:40,,,MISS Harden 28' 3PT Step Back Jump Shot,,,5,201935,James Harden,1610612746.0,LA,Clippers,LAC,0,0,,,,,,0,0,,,,,,1
0022300708,250,4,0,2,7:08 PM,1:36,Richardson REBOUND (Off:0 Def:3),,,,,4,1626196,Josh Richardson,1610612748.0,Miami,Heat,MIA,0,0,,,,,,0,0,,,,,,1
0022300708,251,1,41,2,7:08 PM,1:32,Butler 3' Running Layup (9 PTS) (Richardson 1 AST),,,41 - 41,TIE,4,202710,Jimmy Butler III,1610612748.0,Miami,Heat,MIA,4,1626196,Josh Richardson,1610612748.0,Miami,Heat,MIA,0,0,,,,,,1
0022300708,253,1,79,2,7:08 PM,1:17,,,Leonard 16' Pullup Jump Shot (11 PTS) (George 1 AST),43 - 41,-2,5,202695,Kawhi Leonard,1610612746.0,LA,Clippers,LAC,5,202331,Paul George,1610612746.0,LA,Clippers,LAC,0,0,,,,,,1
0022300708,255,6,1,2,7:08 PM,1:04,,,Coffey P.FOUL (P2.T2) (J.Goble),,,5,1629599,Amir Coffey,1610612746.0,LA,Clippers,LAC,4,1626196,Josh Richardson,1610612748.0,Miami,Heat,MIA,1,0,,,,,,1
0022300708,257,2,1,2,7:09 PM,0:49,MISS Richardson 26' 3PT Jump Shot,,,,,4,1626196,Josh Richardson,1610612748.0,Miami,Heat,MIA,0,0,,,,,,0,0,,,,,,1
0022300708,258,4,0,2,7:09 PM,0:46,,,Leonard REBOUND (Off:2 Def:3),,,5,202695,Kawhi Leonard,1610612746.0,LA,Clippers,LAC,0,0,,,,,,0,0,,,,,,1
0022300708,259,2,86,2,7:09 PM,0:32,,,MISS Coffey 12' Turnaround Fadeaway Shot,,,5,1629599,Amir Coffey,1610612746.0,LA,Clippers,LAC,0,0,,,,,,0,0,,,,,,1
0022300708,260,4,0,2,7:09 PM,0:30,Adebayo REBOUND (Off:2 Def:6),,,,,4,1628389,Bam Adebayo,1610612748.0,Miami,Heat,MIA,0,0,,,,,,0,0,,,,,,1
0022300708,261,1,7,2,7:09 PM,0:18,Adebayo 1' Dunk (10 PTS) (Richardson 2 AST),,,43 - 43,TIE,4,1628389,Bam Adebayo,1610612748.0,Miami,Heat,MIA,4,1626196,Josh Richardson,1610612748.0,Miami,Heat,MIA,0,0,,,,,,1
0022300708,263,13,0,2,7:10 PM,0:00,,End of 2nd Period (7:10 PM EST),,43 - 43,TIE,0,0,,,,,,0,0,,,,,,0,0,,,,,,1
0022300708,266,12,0,3,7:25 PM,12:00,,Start of 3rd Period (7:25 PM EST),,43 - 43,TIE,0,0,,,,,,0,0,,,,,,0,0,,,,,,0
0022300708,267,6,2,3,7:25 PM,11:43,Highsmith S.FOUL (P2.T1) (B.Nansel),,,,,4,1629312,Haywood Highsmith,1610612748.0,Miami,Heat,MIA,5,202331,Paul George,1610612746.0,LA,Clippers,LAC,1,0,,,,,,1
0022300708,269,3,11,3,7:26 PM,11:43,,,George Free Throw 1 of 2 (7 PTS),44 - 43,-1,5,202331,Paul George,1610612746.0,LA,Clippers,LAC,0,0,,,,,,0,0,,,,,,1
0022300708,270,3,12,3,7:26 PM,11:43,,,George Free Throw 2 of 2 (8 PTS),45 - 43,-2,5,202331,Paul George,1610612746.0,LA,Clippers,LAC,0,0,,,,,,0,0,,,,,,1
0022300708,271,2,86,3,7:27 PM,11:18,MISS Adebayo 13' Turnaround Fadeaway Shot,,,,,4,1628389,Bam Adebayo,1610612748.0,Miami,Heat,MIA,0,0,,,,,,0,0,,,,,,1
0022300708,272,4,0,3,7:27 PM,11:16,,,Leonard REBOUND (Off:2 Def:4),,,5,202695,Kawhi Leonard,1610612746.0,LA,Clippers,LAC,0,0,,,,,,0,0,,,,,,1
0022300708,273,1,1,3,7:27 PM,10:59,,,Harden 25' 3PT Jump Shot (8 PTS) (George 2 AST),48 - 43,-5,5,201935,James Harden,1610612746.0,LA,Clippers,LAC,5,202331,Paul George,1610612746.0,LA,Clippers,LAC,0,0,,,,,,1
0022300708,275,6,1,3,7:27 PM,10:45,,,George P.FOUL (P1.T1) (J.Goble),,,5,202331,Paul George,1610612746.0,LA,Clippers,LAC,4,1626179,Terry Rozier,1610612748.0,Miami,Heat,MIA,1,0,,,,,,1
0022300708,277,1,1,3,7:28 PM,10:36,Richardson 20' Jump Shot (5 PTS) (Butler 2 AST),,,48 - 45,-3,4,1626196,Josh Richardson,1610612748.0,Miami,Heat,MIA,4,202710,Jimmy Butler III,1610612748.0,Miami,Heat,MIA,0,0,,,,,,1
0022300708,280,6,1,3,7:28 PM,10:21,Highsmith P.FOUL (P3.T2) (R.Acosta),,,,,4,1629312,Haywood Highsmith,1610612748.0,Miami,Heat,MIA,5,202331,Paul George,1610612746.0,LA,Clippers,LAC,1,0,,,,,,1
0022300708,282,5,2,3,7:28 PM,10:12,Rozier STEAL (2 STL),,Harden Lost Ball Turnover (P3.T10),,,5,201935,James Harden,1610612746.0,LA,Clippers,LAC,4,1626179,Terry Rozier,1610612748.0,Miami,Heat,MIA,0,0,,,,,,1
0022300708,284,1,102,3,7:28 PM,10:01,Butler 5' Driving Floating Bank Jump Shot (11 PTS),,,48 - 47,-1,4,202710,Jimmy Butler III,1610612748.0,Miami,Heat,MIA,0,0,,,,,,0,0,,,,,,1
0022300708,286,2,80,3,7:29 PM,9:35,,,MISS Leonard 25' 3PT Step Back Jump Shot,,,5,202695,Kawhi Leonard,1610612746.0,LA,Clippers,LAC,0,0,,,,,,0,0,,,,,,1
0022300708,287,4,0,3,7:29 PM,9:35,,,Mann REBOUND (Off:2 Def:2),,,5,1629611,Terance Mann,1610612746.0,LA,Clippers,LAC,0,0,,,,,,0,0,,,,,,1
0022300708,290,5,11,3,7:29 PM,9:35,,,Clippers Turnover: Shot Clock (T#11),,,3,1610612746,,,,,,0,0,,,,,,1,0,,,,,,1
0022300708,291,2,1,3,7:30 PM,9:21,MISS Adebayo 13' Jump Shot,,,,,4,1628389,Bam Adebayo,1610612748.0,Miami,Heat,MIA,0,0,,,,,,0,0,,,,,,1
0022300708,292,4,0,3,7:30 PM,9:19,,,George REBOUND (Off:0 Def:4),,,5,202331,Paul George,1610612746.0,LA,Clippers,LAC,0,0,,,,,,0,0,,,,,,1
0022300708,293,2,1,3,7:30 PM,9:10,,,MISS Harden 25' 3PT Jump Shot,,,5,201935,James Harden,1610612746.0,LA,Clippers,LAC,0,0,,,,,,0,0,,,,,,1
0022300708,294,4,0,3,7:30 PM,9:04,,,Leonard REBOUND (Off:3 Def:4),,,5,202695,Kawhi Leonard,1610612746.0,LA,Clippers,LAC,0,0,,,,,,0,0,,,,,,1
0022300708,295,1,72,3,7:30 PM,9:04,,,Leonard Putback Layup (13 PTS),50 - 47,-3,5,202695,Kawhi Leonard,1610612746.0,LA,Clippers,LAC,0,0,,,,,,0,0,,,,,,1
0022300708,297,6,2,3,7:31 PM,8:47,,,Mann S.FOUL (P1.T2) (J.Goble),,,5,1629611,Terance Mann,1610612746.0,LA,Clippers,LAC,4,1626179,Terry Rozier,1610612748.0,Miami,Heat,MIA,1,0,,,,,,1
0022300708,299,3,11,3,7:31 PM,8:47,Rozier Free Throw 1 of 2 (9 PTS),,,50 - 48,-2,4,1626179,Terry Rozier,1610612748.0,Miami,Heat,MIA,0,0,,,,,,0,0,,,,,,1
0022300708,300,3,12,3,7:31 PM,8:47,Rozier Free Throw 2 of 2 (10 PTS),,,50 - 49,-1,4,1626179,Terry Rozier,1610612748.0,Miami,Heat,MIA,0,0,,,,,,0,0,,,,,,1
0022300708,302,1,1,3,7:32 PM,8:24,,,Mann 25' 3PT Jump Shot (5 PTS) (Leonard 2 AST),53 - 49,-4,5,1629611,Terance Mann,1610612746.0,LA,Clippers,LAC,5,202695,Kawhi Leonard,1610612746.0,LA,Clippers,LAC,0,0,,,,,,1
0022300708,304,2,1,3,7:32 PM,8:10,MISS Rozier 24' 3PT Jump Shot,,,,,4,1626179,Terry Rozier,1610612748.0,Miami,Heat,MIA,0,0,,,,,,0,0,,,,,,1
0022300708,305,4,0,3,7:32 PM,8:08,,,Leonard REBOUND (Off:3 Def:5),,,5,202695,Kawhi Leonard,1610612746.0,LA,Clippers,LAC,0,0,,,,,,0,0,,,,,,1
0022300708,306,5,2,3,7:33 PM,7:58,Highsmith STEAL (1 STL),,Leonard Lost Ball Turnover (P1.T12),,,5,202695,Kawhi Leonard,1610612746.0,LA,Clippers,LAC,4,1629312,Haywood Highsmith,1610612748.0,Miami,Heat,MIA,0,0,,,,,,1
0022300708,308,2,41,3,7:33 PM,7:52,MISS Butler 3' Running Layup,,,,,4,202710,Jimmy Butler III,1610612748.0,Miami,Heat,MIA,0,0,,,,,,0,0,,,,,,1
0022300708,309,4,0,3,7:33 PM,7:49,Adebayo REBOUND (Off:3 Def:6),,,,,4,1628389,Bam Adebayo,1610612748.0,Miami,Heat,MIA,0,0,,,,,,0,0,,,,,,1
0022300708,310,1,107,3,7:33 PM,7:49,Adebayo Tip Dunk Shot (12 PTS),,,53 - 51,-2,4,1628389,Bam Adebayo,1610612748.0,Miami,Heat,MIA,0,0,,,,,,0,0,,,,,,1
0022300708,311,1,101,3,7:33 PM,7:37,,,Harden 8' Driving Floating Jump Shot (10 PTS) (George 3 AST),55 - 51,-4,5,201935,James Harden,1610612746.0,LA,Clippers,LAC,5,202331,Paul George,1610612746.0,LA,Clippers,LAC,0,0,,,,,,1
0022300708,313,2,80,3,7:33 PM,7:23,MISS Rozier 14' Step Back Jump Shot,,,,,4,1626179,Terry Rozier,1610612748.0,Miami,Heat,MIA,0,0,,,,,,0,0,,,,,,1
0022300708,314,4,0,3,7:33 PM,7:21,,,Harden REBOUND (Off:0 Def:4),,,5,201935,James Harden,1610612746.0,LA,Clippers,LAC,0,0,,,,,,0,0,,,,,,1
0022300708,315,1,5,3,7:33 PM,7:06,,,Zubac 6' Layup (4 PTS) (Leonard 3 AST),57 - 51,-6,5,1627826,Ivica Zubac,1610612746.0,LA,Clippers,LAC,5,202695,Kawhi Leonard,1610612746.0,LA,Clippers,LAC,0,0,,,,,,1
0022300708,317,5,2,3,7:34 PM,6:45,Butler Lost Ball Turnover (P1.T7),,Leonard STEAL (1 STL),,,4,202710,Jimmy Butler III,1610612748.0,Miami,Heat,MIA,5,202695,Kawhi Leonard,1610612746.0,LA,Clippers,LAC,0,0,,,,,,1
0022300708,319,1,50,3,7:34 PM,6:43,,,Leonard 1' Running Dunk (15 PTS) (Harden 6 AST),59 - 51,-8,5,202695,Kawhi Leonard,1610612746.0,LA,Clippers,LAC,5,201935,James Harden,1610612746.0,LA,Clippers,LAC,0,0,,,,,,1
0022300708,321,9,1,3,7:34 PM,6:43,HEAT Timeout: Regular (Full 3 Short 0),,,,,2,1610612748,,,,,,0,0,,,,,,0,0,,,,,,0
0022300708,322,8,0,3,7:36 PM,6:43,SUB: Jaquez Jr. FOR Rozier,,,,,4,1626179,Terry Rozier,1610612748.0,Miami,Heat,MIA,4,1631170,Jaime Jaquez Jr.,1610612748.0,Miami,Heat,MIA,0,0,,,,,,0
0022300708,323,8,0,3,7:36 PM,6:43,SUB: Love FOR Adebayo,,,,,4,1628389,Bam Adebayo,1610612748.0,Miami,Heat,MIA,4,201567,Kevin Love,1610612748.0,Miami,Heat,MIA,0,0,,,,,,0
0022300708,324,8,0,3,7:36 PM,6:43,,,SUB: Plumlee FOR Zubac,,,5,1627826,Ivica Zubac,1610612746.0,LA,Clippers,LAC,5,203486,Mason Plumlee,1610612746.0,LA,Clippers,LAC,0,0,,,,,,0
0022300708,328,1,1,3,7:38 PM,6:18,Richardson 3PT Jump Shot (8 PTS) (Jaquez Jr. 3 AST),,,59 - 54,-5,4,1626196,Josh Richardson,1610612748.0,Miami,Heat,MIA,4,1631170,Jaime Jaquez Jr.,1610612748.0,Miami,Heat,MIA,0,0,,,,,,1
0022300708,330,1,80,3,7:38 PM,5:48,,,Leonard 26' 3PT Step Back Jump Shot (18 PTS),62 - 54,-8,5,202695,Kawhi Leonard,1610612746.0,LA,Clippers,LAC,0,0,,,,,,0,0,,,,,,1
0022300708,331,1,6,3,7:39 PM,5:25,Richardson 1' Driving Layup (10 PTS) (Jaquez Jr. 4 AST),,,62 - 56,-6,4,1626196,Josh Richardson,1610612748.0,Miami,Heat,MIA,4,1631170,Jaime Jaquez Jr.,1610612748.0,Miami,Heat,MIA,0,0,,,,,,1
0022300708,332,1,52,3,7:39 PM,5:08,,,Mann 2' Alley Oop Dunk (7 PTS) (Harden 7 AST),64 - 56,-8,5,1629611,Terance Mann,1610612746.0,LA,Clippers,LAC,5,201935,James Harden,1610612746.0,LA,Clippers,LAC,0,0,,,,,,1
0022300708,334,2,1,3,7:39 PM,4:54,MISS Richardson 24' 3PT Jump Shot,,,,,4,1626196,Josh Richardson,1610612748.0,Miami,Heat,MIA,0,0,,,,,,0,0,,,,,,1
0022300708,335,4,0,3,7:39 PM,4:52,,,Mann REBOUND (Off:2 Def:3),,,5,1629611,Terance Mann,1610612746.0,LA,Clippers,LAC,0,0,,,,,,0,0,,,,,,1
0022300708,336,2,41,3,7:39 PM,4:46,,,MISS Mann 2' Running Layup,,,5,1629611,Terance Mann,1610612746.0,LA,Clippers,LAC,0,0,,,,,,0,0,,,,,,1
0022300708,337,4,0,3,7:39 PM,4:44,Love REBOUND (Off:0 Def:3),,,,,4,201567,Kevin Love,1610612748.0,Miami,Heat,MIA,0,0,,,,,,0,0,,,,,,1
0022300708,338,6,1,3,7:40 PM,4:27,,,Harden P.FOUL (P1.T3) (R.Acosta),,,5,201935,James Harden,1610612746.0,LA,Clippers,LAC,4,201567,Kevin Love,1610612748.0,Miami,Heat,MIA,1,0,,,,,,1
0022300708,340,8,0,3,7:40 PM,4:27,SUB: Martin FOR Highsmith,,,,,4,1629312,Haywood Highsmith,1610612748.0,Miami,Heat,MIA,4,1628997,Caleb Martin,1610612748.0,Miami,Heat,MIA,0,0,,,,,,0
0022300708,341,8,0,3,7:40 PM,4:27,,,SUB: Powell FOR Mann,,,5,1629611,Terance Mann,1610612746.0,LA,Clippers,LAC,5,1626181,Norman Powell,1610612746.0,LA,Clippers,LAC,0,0,,,,,,0
0022300708,344,8,0,3,7:40 PM,4:27,,,SUB: Westbrook FOR George,,,5,202331,Paul George,1610612746.0,LA,Clippers,LAC,5,201566,Russell Westbrook,1610612746.0,LA,Clippers,LAC,0,0,,,,,,0
0022300708,346,1,1,3,7:40 PM,4:23,Love 25' 3PT Jump Shot (6 PTS) (Butler 3 AST),,,64 - 59,-5,4,201567,Kevin Love,1610612748.0,Miami,Heat,MIA,4,202710,Jimmy Butler III,1610612748.0,Miami,Heat,MIA,0,0,,,,,,1
0022300708,347,6,1,3,7:41 PM,4:07,Jaquez Jr. P.FOUL (P1.T3) (J.Goble),,,,,4,1631170,Jaime Jaquez Jr.,1610612748.0,Miami,Heat,MIA,5,1626181,Norman Powell,1610612746.0,LA,Clippers,LAC,1,0,,,,,,1
0022300708,351,1,1,3,7:41 PM,3:57,,,Leonard 24' 3PT Jump Shot (21 PTS) (Harden 8 AST),67 - 59,-8,5,202695,Kawhi Leonard,1610612746.0,LA,Clippers,LAC,5,201935,James Harden,1610612746.0,LA,Clippers,LAC,0,0,,,,,,1
0022300708,353,1,85,3,7:41 PM,3:39,Jaquez Jr. 4' Turnaround Bank Shot (2 PTS),,,67 - 61,-6,4,1631170,Jaime Jaquez Jr.,1610612748.0,Miami,Heat,MIA,0,0,,,,,,0,0,,,,,,1
0022300708,354,1,73,3,7:42 PM,3:21,,,Powell 2' Driving Reverse Layup (9 PTS) (Harden 9 AST),69 - 61,-8,5,1626181,Norman Powell,1610612746.0,LA,Clippers,LAC,5,201935,James Harden,1610612746.0,LA,Clippers,LAC,0,0,,,,,,1
0022300708,356,2,86,3,7:42 PM,3:02,MISS Butler 11' Turnaround Fadeaway Shot,,,,,4,202710,Jimmy Butler III,1610612748.0,Miami,Heat,MIA,0,0,,,,,,0,0,,,,,,1
0022300708,357,4,0,3,7:42 PM,2:59,,,Plumlee REBOUND (Off:1 Def:4),,,5,203486,Mason Plumlee,1610612746.0,LA,Clippers,LAC,0,0,,,,,,0,0,,,,,,1
0022300708,358,2,1,3,7:42 PM,2:54,,,MISS Powell 3PT Jump Shot,,,5,1626181,Norman Powell,1610612746.0,LA,Clippers,LAC,0,0,,,,,,0,0,,,,,,1
0022300708,359,4,0,3,7:42 PM,2:49,Love REBOUND (Off:0 Def:4),,,,,4,201567,Kevin Love,1610612748.0,Miami,Heat,MIA,0,0,,,,,,0,0,,,,,,1
0022300708,360,1,76,3,7:42 PM,2:45,Richardson 3' Running Finger Roll Layup (12 PTS),,,69 - 63,-6,4,1626196,Josh Richardson,1610612748.0,Miami,Heat,MIA,0,0,,,,,,0,0,,,,,,1
0022300708,361,2,6,3,7:43 PM,2:17,,,MISS Powell 2' Driving Layup,,,5,1626181,Norman Powell,1610612746.0,LA,Clippers,LAC,0,0,,,,,,0,0,,,,,,1
0022300708,362,4,0,3,7:43 PM,2:15,Love REBOUND (Off:0 Def:5),,,,,4,201567,Kevin Love,1610612748.0,Miami,Heat,MIA,0,0,,,,,,0,0,,,,,,1
0022300708,363,5,2,3,7:43 PM,2:12,Love Lost Ball Turnover (P2.T8),,Leonard STEAL (2 STL),,,4,201567,Kevin Love,1610612748.0,Miami,Heat,MIA,5,202695,Kawhi Leonard,1610612746.0,LA,Clippers,LAC,0,0,,,,,,1
0022300708,365,6,1,3,7:43 PM,2:06,Love P.FOUL (P1.T4) (R.Acosta),,,,,4,201567,Kevin Love,1610612748.0,Miami,Heat,MIA,5,202695,Kawhi Leonard,1610612746.0,LA,Clippers,LAC,1,0,,,,,,1
0022300708,367,9,1,3,7:43 PM,2:06,,,Clippers Timeout: Regular (Reg.4 Short 0),,,3,1610612746,,,,,,0,0,,,,,,0,0,,,,,,0
0022300708,368,8,0,3,7:44 PM,2:06,SUB: Rozier FOR Richardson,,,,,4,1626196,Josh Richardson,1610612748.0,Miami,Heat,MIA,4,1626179,Terry Rozier,1610612748.0,Miami,Heat,MIA,0,0,,,,,,0
0022300708,369,8,0,3,7:44 PM,2:06,,,SUB: Coffey FOR Harden,,,5,201935,James Harden,1610612746.0,LA,Clippers,LAC,5,1629599,Amir Coffey,1610612746.0,LA,Clippers,LAC,0,0,,,,,,0
0022300708,372,2,85,3,7:47 PM,1:51,,,MISS Westbrook 11' Turnaround Bank Shot,,,5,201566,Russell Westbrook,1610612746.0,LA,Clippers,LAC,0,0,,,,,,0,0,,,,,,1
0022300708,373,4,0,3,7:47 PM,1:49,Jaquez Jr. REBOUND (Off:1 Def:1),,,,,4,1631170,Jaime Jaquez Jr.,1610612748.0,Miami,Heat,MIA,0,0,,,,,,0,0,,,,,,1
0022300708,374,2,79,3,7:47 PM,1:29,MISS Butler 9' Pullup Jump Shot,,Leonard BLOCK (1 BLK),,,4,202710,Jimmy Butler III,1610612748.0,Miami,Heat,MIA,0,0,,,,,,5,202695,Kawhi Leonard,1610612746.0,LA,Clippers,LAC,1
0022300708,376,4,0,3,7:47 PM,1:25,Butler REBOUND (Off:2 Def:0),,,,,4,202710,Jimmy Butler III,1610612748.0,Miami,Heat,MIA,0,0,,,,,,0,0,,,,,,1
0022300708,377,2,63,3,7:48 PM,1:23,MISS Butler 13' Fadeaway Jumper,,,,,4,202710,Jimmy Butler III,1610612748.0,Miami,Heat,MIA,0,0,,,,,,0,0,,,,,,1
0022300708,378,4,0,3,7:48 PM,1:21,,,Coffey REBOUND (Off:1 Def:2),,,5,1629599,Amir Coffey,1610612746.0,LA,Clippers,LAC,0,0,,,,,,0,0,,,,,,1
0022300708,379,2,80,3,7:48 PM,1:04,,,MISS Leonard 19' Step Back Jump Shot,,,5,202695,Kawhi Leonard,1610612746.0,LA,Clippers,LAC,0,0,,,,,,0,0,,,,,,1
0022300708,380,4,0,3,7:48 PM,1:01,Love REBOUND (Off:0 Def:6),,,,,4,201567,Kevin Love,1610612748.0,Miami,Heat,MIA,0,0,,,,,,0,0,,,,,,1
0022300708,382,1,41,3,7:48 PM,0:58,Jaquez Jr. 2' Running Layup (4 PTS) (Love 3 AST),,,69 - 65,-4,4,1631170,Jaime Jaquez Jr.,1610612748.0,Miami,Heat,MIA,4,201567,Kevin Love,1610612748.0,Miami,Heat,MIA,0,0,,,,,,1
0022300708,384,7,2,3,7:48 PM,0:58,,,Leonard Violation:Defensive Goaltending (R.Acosta),,,5,202695,Kawhi Leonard,1610612746.0,LA,Clippers,LAC,0,0,,,,,,1,0,,,,,,1
0022300708,385,2,6,3,7:48 PM,0:45,,,MISS Leonard 2' Driving Layup,,,5,202695,Kawhi Leonard,1610612746.0,LA,Clippers,LAC,0,0,,,,,,0,0,,,,,,1
0022300708,386,4,0,3,7:49 PM,0:41,,,Plumlee REBOUND (Off:2 Def:4),,,5,203486,Mason Plumlee,1610612746.0,LA,Clippers,LAC,0,0,,,,,,0,0,,,,,,1
0022300708,387,2,97,3,7:49 PM,0:41,,,MISS Plumlee Tip Layup Shot,,,5,203486,Mason Plumlee,1610612746.0,LA,Clippers,LAC,0,0,,,,,,0,0,,,,,,1
0022300708,388,4,0,3,7:49 PM,0:40,Love REBOUND (Off:0 Def:7),,,,,4,201567,Kevin Love,1610612748.0,Miami,Heat,MIA,0,0,,,,,,0,0,,,,,,1
0022300708,389,6,2,3,7:49 PM,0:40,,,Powell S.FOUL (P1.T4) (B.Nansel),,,5,1626181,Norman Powell,1610612746.0,LA,Clippers,LAC,4,202710,Jimmy Butler III,1610612748.0,Miami,Heat,MIA,1,0,,,,,,1
0022300708,391,3,11,3,7:49 PM,0:40,Butler Free Throw 1 of 2 (12 PTS),,,69 - 66,-3,4,202710,Jimmy Butler III,1610612748.0,Miami,Heat,MIA,0,0,,,,,,0,0,,,,,,1
0022300708,392,8,0,3,7:49 PM,0:40,SUB: Adebayo FOR Love,,,,,4,201567,Kevin Love,1610612748.0,Miami,Heat,MIA,4,1628389,Bam Adebayo,1610612748.0,Miami,Heat,MIA,0,0,,,,,,0
0022300708,394,3,12,3,7:49 PM,0:40,Butler Free Throw 2 of 2 (13 PTS),,,69 - 67,-2,4,202710,Jimmy Butler III,1610612748.0,Miami,Heat,MIA,0,0,,,,,,0,0,,,,,,1
0022300708,395,2,79,3,7:50 PM,0:31,,,MISS Westbrook 26' 3PT Pullup Jump Shot,,,5,201566,Russell Westbrook,1610612746.0,LA,Clippers,LAC,0,0,,,,,,0,0,,,,,,1
0022300708,396,4,0,3,7:50 PM,0:27,Rozier REBOUND (Off:0 Def:4),,,,,4,1626179,Terry Rozier,1610612748.0,Miami,Heat,MIA,0,0,,,,,,0,0,,,,,,1
0022300708,398,2,79,3,7:50 PM,0:06,MISS Jaquez Jr. 30' 3PT Pullup Jump Shot,,,,,4,1631170,Jaime Jaquez Jr.,1610612748.0,Miami,Heat,MIA,0,0,,,,,,0,0,,,,,,1
0022300708,399,4,0,3,7:51 PM,0:03,,,Plumlee REBOUND (Off:2 Def:5),,,5,203486,Mason Plumlee,1610612746.0,LA,Clippers,LAC,0,0,,,,,,0,0,,,,,,1
0022300708,400,2,79,3,7:51 PM,0:00,,,MISS Westbrook 32' 3PT Pullup Jump Shot,,,5,201566,Russell Westbrook,1610612746.0,LA,Clippers,LAC,0,0,,,,,,0,0,,,,,,1
0022300708,401,4,0,3,7:51 PM,0:00,,,Clippers Rebound,,,3,1610612746,,,,,,0,0,,,,,,0,0,,,,,,1
0022300708,402,13,0,3,7:51 PM,0:00,,End of 3rd Period (7:51 PM EST),,69 - 67,-2,0,0,,,,,,0,0,,,,,,0,0,,,,,,1
0022300708,407,12,0,4,7:54 PM,12:00,,Start of 4th Period (7:54 PM EST),,69 - 67,-2,0,0,,,,,,0,0,,,,,,0,0,,,,,,0
0022300708,408,2,101,4,7:55 PM,11:44,MISS Rozier 12' Driving Floating Jump Shot,,,,,4,1626179,Terry Rozier,1610612748.0,Miami,Heat,MIA,0,0,,,,,,0,0,,,,,,1
0022300708,409,4,0,4,7:55 PM,11:42,Rozier REBOUND (Off:1 Def:4),,,,,4,1626179,Terry Rozier,1610612748.0,Miami,Heat,MIA,0,0,,,,,,0,0,,,,,,1
0022300708,410,2,101,4,7:55 PM,11:26,MISS Martin 4' Driving Floating Jump Shot,,,,,4,1628997,Caleb Martin,1610612748.0,Miami,Heat,MIA,0,0,,,,,,0,0,,,,,,1
0022300708,411,4,0,4,7:55 PM,11:24,,,Harden REBOUND (Off:0 Def:5),,,5,201935,James Harden,1610612746.0,LA,Clippers,LAC,0,0,,,,,,0,0,,,,,,1
0022300708,412,2,50,4,7:55 PM,11:21,,,MISS Westbrook 2' Running Dunk,,,5,201566,Russell Westbrook,1610612746.0,LA,Clippers,LAC,0,0,,,,,,0,0,,,,,,1
0022300708,413,4,0,4,7:55 PM,11:19,Rozier REBOUND (Off:1 Def:5),,,,,4,1626179,Terry Rozier,1610612748.0,Miami,Heat,MIA,0,0,,,,,,0,0,,,,,,1
0022300708,414,1,1,4,7:55 PM,11:14,Jaquez Jr. 27' 3PT Jump Shot (7 PTS) (Rozier 3 AST),,,69 - 70,1,4,1631170,Jaime Jaquez Jr.,1610612748.0,Miami,Heat,MIA,4,1626179,Terry Rozier,1610612748.0,Miami,Heat,MIA,0,0,,,,,,1
0022300708,417,6,2,4,7:56 PM,10:54,Martin S.FOUL (P1.T1) (R.Acosta),,,,,4,1628997,Caleb Martin,1610612748.0,Miami,Heat,MIA,5,1626181,Norman Powell,1610612746.0,LA,Clippers,LAC,1,0,,,,,,1
0022300708,419,3,11,4,7:56 PM,10:54,,,Powell Free Throw 1 of 2 (10 PTS),70 - 70,TIE,5,1626181,Norman Powell,1610612746.0,LA,Clippers,LAC,0,0,,,,,,0,0,,,,,,1
0022300708,420,3,12,4,7:56 PM,10:54,,,Powell Free Throw 2 of 2 (11 PTS),71 - 70,-1,5,1626181,Norman Powell,1610612746.0,LA,Clippers,LAC,0,0,,,,,,0,0,,,,,,1
0022300708,421,5,45,4,7:57 PM,10:45,Jaquez Jr. Out of Bounds - Bad Pass Turnover Turnover (P3.T9),,,,,4,1631170,Jaime Jaquez Jr.,1610612748.0,Miami,Heat,MIA,0,0,,,,,,1,0,,,,,,1
0022300708,422,2,63,4,7:57 PM,10:29,,,MISS Harden 16' Fadeaway Jumper,,,5,201935,James Harden,1610612746.0,LA,Clippers,LAC,0,0,,,,,,0,0,,,,,,1
0022300708,423,4,0,4,7:57 PM,10:26,Rozier REBOUND (Off:1 Def:6),,,,,4,1626179,Terry Rozier,1610612748.0,Miami,Heat,MIA,0,0,,,,,,0,0,,,,,,1
0022300708,424,1,76,4,7:57 PM,10:24,Highsmith 2' Running Finger Roll Layup (5 PTS) (Rozier 4 AST),,,71 - 72,1,4,1629312,Haywood Highsmith,1610612748.0,Miami,Heat,MIA,4,1626179,Terry Rozier,1610612748.0,Miami,Heat,MIA,0,0,,,,,,1
0022300708,426,6,1,4,7:58 PM,10:05,Martin P.FOUL (P2.T2) (J.Goble),,,,,4,1628997,Caleb Martin,1610612748.0,Miami,Heat,MIA,5,201935,James Harden,1610612746.0,LA,Clippers,LAC,1,0,,,,,,1
0022300708,428,8,0,4,7:58 PM,10:05,,,SUB: George FOR Westbrook,,,5,201566,Russell Westbrook,1610612746.0,LA,Clippers,LAC,5,202331,Paul George,1610612746.0,LA,Clippers,LAC,0,0,,,,,,0
0022300708,431,1,80,4,7:58 PM,9:52,,,Harden 24' 3PT Step Back Jump Shot (13 PTS),74 - 72,-2,5,201935,James Harden,1610612746.0,LA,Clippers,LAC,0,0,,,,,,0,0,,,,,,1
0022300708,432,6,2,4,7:59 PM,9:52,Highsmith S.FOUL (P4.T3) (R.Acosta),,,,,4,1629312,Haywood Highsmith,1610612748.0,Miami,Heat,MIA,5,201935,James Harden,1610612746.0,LA,Clippers,LAC,1,0,,,,,,1
0022300708,434,3,10,4,7:59 PM,9:52,,,Harden Free Throw 1 of 1 (14 PTS),75 - 72,-3,5,201935,James Harden,1610612746.0,LA,Clippers,LAC,0,0,,,,,,0,0,,,,,,1
0022300708,435,6,1,4,7:59 PM,9:48,,,Coffey P.FOUL (P3.T1) (J.Goble),,,5,1629599,Amir Coffey,1610612746.0,LA,Clippers,LAC,4,1626179,Terry Rozier,1610612748.0,Miami,Heat,MIA,1,0,,,,,,1
0022300708,437,2,71,4,8:00 PM,9:42,MISS Jaquez Jr. 1' Finger Roll Layup,,,,,4,1631170,Jaime Jaquez Jr.,1610612748.0,Miami,Heat,MIA,0,0,,,,,,0,0,,,,,,1
0022300708,438,4,0,4,8:00 PM,9:41,Jaquez Jr. REBOUND (Off:2 Def:1),,,,,4,1631170,Jaime Jaquez Jr.,1610612748.0,Miami,Heat,MIA,0,0,,,,,,0,0,,,,,,1
0022300708,458,2,97,4,8:00 PM,9:40,MISS Jaquez Jr. Tip Layup Shot,,,,,4,1631170,Jaime Jaquez Jr.,1610612748.0,Miami,Heat,MIA,0,0,,,,,,0,0,,,,,,1
0022300708,459,4,0,4,8:00 PM,9:39,Jaquez Jr. REBOUND (Off:3 Def:1),,,,,4,1631170,Jaime Jaquez Jr.,1610612748.0,Miami,Heat,MIA,0,0,,,,,,0,0,,,,,,1
0022300708,439,2,97,4,8:00 PM,9:38,MISS Jaquez Jr. Tip Layup Shot,,,,,4,1631170,Jaime Jaquez Jr.,1610612748.0,Miami,Heat,MIA,0,0,,,,,,0,0,,,,,,1
0022300708,440,4,0,4,8:00 PM,9:37,,,Harden REBOUND (Off:0 Def:6),,,5,201935,James Harden,1610612746.0,LA,Clippers,LAC,0,0,,,,,,0,0,,,,,,1
0022300708,441,2,80,4,8:00 PM,9:24,,,MISS George 28' 3PT Step Back Jump Shot,,,5,202331,Paul George,1610612746.0,LA,Clippers,LAC,0,0,,,,,,0,0,,,,,,1
0022300708,442,4,0,4,8:00 PM,9:21,Highsmith REBOUND (Off:0 Def:3),,,,,4,1629312,Haywood Highsmith,1610612748.0,Miami,Heat,MIA,0,0,,,,,,0,0,,,,,,1
0022300708,443,1,101,4,8:00 PM,9:11,Rozier 14' Driving Floating Jump Shot (12 PTS),,,75 - 74,-1,4,1626179,Terry Rozier,1610612748.0,Miami,Heat,MIA,0,0,,,,,,0,0,,,,,,1
0022300708,444,6,1,4,8:00 PM,9:00,Highsmith P.FOUL (P5.T4) (B.Nansel),,,,,4,1629312,Haywood Highsmith,1610612748.0,Miami,Heat,MIA,5,201935,James Harden,1610612746.0,LA,Clippers,LAC,1,0,,,,,,1
0022300708,446,8,0,4,8:01 PM,9:00,SUB: Richardson FOR Highsmith,,,,,4,1629312,Haywood Highsmith,1610612748.0,Miami,Heat,MIA,4,1626196,Josh Richardson,1610612748.0,Miami,Heat,MIA,0,0,,,,,,0
0022300708,448,6,2,4,8:01 PM,8:52,Jaquez Jr. S.FOUL (P2.PN) (R.Acosta),,,,,4,1631170,Jaime Jaquez Jr.,1610612748.0,Miami,Heat,MIA,5,203486,Mason Plumlee,1610612746.0,LA,Clippers,LAC,1,0,,,,,,1
0022300708,450,3,11,4,8:01 PM,8:52,,,Plumlee Free Throw 1 of 2 (1 PTS),76 - 74,-2,5,203486,Mason Plumlee,1610612746.0,LA,Clippers,LAC,0,0,,,,,,0,0,,,,,,1
0022300708,451,3,12,4,8:02 PM,8:52,,,Plumlee Free Throw 2 of 2 (2 PTS),77 - 74,-3,5,203486,Mason Plumlee,1610612746.0,LA,Clippers,LAC,0,0,,,,,,0,0,,,,,,1
0022300708,452,2,1,4,8:02 PM,8:37,MISS Jaquez Jr. 10' Jump Shot,,George BLOCK (1 BLK),,,4,1631170,Jaime Jaquez Jr.,1610612748.0,Miami,Heat,MIA,0,0,,,,,,5,202331,Paul George,1610612746.0,LA,Clippers,LAC,1
0022300708,454,4,0,4,8:02 PM,8:33,,,George REBOUND (Off:0 Def:5),,,5,202331,Paul George,1610612746.0,LA,Clippers,LAC,0,0,,,,,,0,0,,,,,,1
0022300708,455,1,1,4,8:02 PM,8:25,,,George 25' 3PT Jump Shot (11 PTS) (Harden 10 AST),80 - 74,-6,5,202331,Paul George,1610612746.0,LA,Clippers,LAC,5,201935,James Harden,1610612746.0,LA,Clippers,LAC,0,0,,,,,,1
0022300708,457,9,1,4,8:03 PM,8:24,HEAT Timeout: Regular (Full 4 Short 0),,,,,2,1610612748,,,,,,0,0,,,,,,0,0,,,,,,0
0022300708,460,8,0,4,8:03 PM,8:24,SUB: Butler FOR Jaquez Jr.,,,,,4,1631170,Jaime Jaquez Jr.,1610612748.0,Miami,Heat,MIA,4,202710,Jimmy Butler III,1610612748.0,Miami,Heat,MIA,0,0,,,,,,0
0022300708,462,1,102,4,8:06 PM,7:59,Martin 12' Driving Floating Bank Jump Shot (9 PTS) (Richardson 3 AST),,,80 - 76,-4,4,1628997,Caleb Martin,1610612748.0,Miami,Heat,MIA,4,1626196,Josh Richardson,1610612748.0,Miami,Heat,MIA,0,0,,,,,,1
0022300708,464,1,1,4,8:07 PM,7:51,,,Powell 24' 3PT Jump Shot (14 PTS) (George 4 AST),83 - 76,-7,5,1626181,Norman Powell,1610612746.0,LA,Clippers,LAC,5,202331,Paul George,1610612746.0,LA,Clippers,LAC,0,0,,,,,,1
0022300708,466,2,79,4,8:07 PM,7:26,MISS Rozier 20' Pullup Jump Shot,,,,,4,1626179,Terry Rozier,1610612748.0,Miami,Heat,MIA,0,0,,,,,,0,0,,,,,,1
0022300708,467,4,0,4,8:07 PM,7:24,,,Plumlee REBOUND (Off:2 Def:6),,,5,203486,Mason Plumlee,1610612746.0,LA,Clippers,LAC,0,0,,,,,,0,0,,,,,,1
0022300708,468,9,1,4,8:07 PM,7:24,,,Clippers Timeout: Regular (Reg.5 Short 0),,,3,1610612746,,,,,,0,0,,,,,,0,0,,,,,,0
0022300708,469,2,1,4,8:11 PM,7:12,,,MISS Powell 27' 3PT Jump Shot,,,5,1626181,Norman Powell,1610612746.0,LA,Clippers,LAC,0,0,,,,,,0,0,,,,,,1
0022300708,470,4,0,4,8:11 PM,7:04,Adebayo REBOUND (Off:3 Def:7),,,,,4,1628389,Bam Adebayo,1610612748.0,Miami,Heat,MIA,0,0,,,,,,0,0,,,,,,1
0022300708,471,5,2,4,8:11 PM,7:04,Adebayo Lost Ball Turnover (P2.T10),,Coffey STEAL (1 STL),,,4,1628389,Bam Adebayo,1610612748.0,Miami,Heat,MIA,5,1629599,Amir Coffey,1610612746.0,LA,Clippers,LAC,0,0,,,,,,1
0022300708,473,2,80,4,8:11 PM,6:57,,,MISS George 25' 3PT Step Back Jump Shot,,,5,202331,Paul George,1610612746.0,LA,Clippers,LAC,0,0,,,,,,0,0,,,,,,1
0022300708,474,4,0,4,8:11 PM,6:52,Martin REBOUND (Off:0 Def:3),,,,,4,1628997,Caleb Martin,1610612748.0,Miami,Heat,MIA,0,0,,,,,,0,0,,,,,,1
0022300708,475,2,58,4,8:11 PM,6:45,MISS Adebayo 3' Turnaround Hook Shot,,,,,4,1628389,Bam Adebayo,1610612748.0,Miami,Heat,MIA,0,0,,,,,,0,0,,,,,,1
0022300708,476,4,0,4,8:11 PM,6:44,,,Harden REBOUND (Off:0 Def:7),,,5,201935,James Harden,1610612746.0,LA,Clippers,LAC,0,0,,,,,,0,0,,,,,,1
0022300708,477,1,79,4,8:11 PM,6:38,,,Powell 16' Pullup Jump Shot (16 PTS) (Harden 11 AST),85 - 76,-9,5,1626181,Norman Powell,1610612746.0,LA,Clippers,LAC,5,201935,James Harden,1610612746.0,LA,Clippers,LAC,0,0,,,,,,1
0022300708,479,1,101,4,8:12 PM,6:15,Butler 7' Driving Floating Jump Shot (15 PTS),,,85 - 78,-7,4,202710,Jimmy Butler III,1610612748.0,Miami,Heat,MIA,0,0,,,,,,0,0,,,,,,1
0022300708,480,1,80,4,8:12 PM,5:53,,,Harden 27' 3PT Step Back Jump Shot (17 PTS),88 - 78,-10,5,201935,James Harden,1610612746.0,LA,Clippers,LAC,0,0,,,,,,0,0,,,,,,1
0022300708,481,2,6,4,8:12 PM,5:35,MISS Butler 7' Driving Layup,,Harden BLOCK (1 BLK),,,4,202710,Jimmy Butler III,1610612748.0,Miami,Heat,MIA,0,0,,,,,,5,201935,James Harden,1610612746.0,LA,Clippers,LAC,1
0022300708,483,4,0,4,8:12 PM,5:31,Adebayo REBOUND (Off:4 Def:7),,,,,4,1628389,Bam Adebayo,1610612748.0,Miami,Heat,MIA,0,0,,,,,,0,0,,,,,,1
0022300708,484,2,1,4,8:12 PM,5:28,MISS Richardson 3PT Jump Shot,,,,,4,1626196,Josh Richardson,1610612748.0,Miami,Heat,MIA,0,0,,,,,,0,0,,,,,,1
0022300708,485,4,0,4,8:13 PM,5:25,,,George REBOUND (Off:0 Def:6),,,5,202331,Paul George,1610612746.0,LA,Clippers,LAC,0,0,,,,,,0,0,,,,,,1
0022300708,486,1,80,4,8:13 PM,5:19,,,Harden 24' 3PT Step Back Jump Shot (20 PTS),91 - 78,-13,5,201935,James Harden,1610612746.0,LA,Clippers,LAC,0,0,,,,,,0,0,,,,,,1
0022300708,487,6,2,4,8:13 PM,5:19,Rozier S.FOUL (P1.PN) (R.Acosta),,,,,4,1626179,Terry Rozier,1610612748.0,Miami,Heat,MIA,5,201935,James Harden,1610612746.0,LA,Clippers,LAC,1,0,,,,,,1
0022300708,489,18,0,4,8:13 PM,5:19,,Instant Replay4th Period (8:13 PM EST),,91 - 78,-13,0,487,,,,,,0,0,,,,,,1,0,,,,,,0
0022300708,490,8,0,4,8:14 PM,5:19,,,SUB: Leonard FOR Coffey,,,5,1629599,Amir Coffey,1610612746.0,LA,Clippers,LAC,5,202695,Kawhi Leonard,1610612746.0,LA,Clippers,LAC,0,0,,,,,,0
0022300708,492,3,10,4,8:15 PM,5:19,,,MISS Harden Free Throw 1 of 1,,,5,201935,James Harden,1610612746.0,LA,Clippers,LAC,0,0,,,,,,0,0,,,,,,1
0022300708,493,4,0,4,8:15 PM,5:18,Adebayo REBOUND (Off:4 Def:8),,,,,4,1628389,Bam Adebayo,1610612748.0,Miami,Heat,MIA,0,0,,,,,,0,0,,,,,,1
0022300708,494,2,58,4,8:15 PM,4:57,MISS Adebayo 5' Turnaround Hook Shot,,,,,4,1628389,Bam Adebayo,1610612748.0,Miami,Heat,MIA,0,0,,,,,,0,0,,,,,,1
0022300708,495,4,0,4,8:15 PM,4:55,,,George REBOUND (Off:0 Def:7),,,5,202331,Paul George,1610612746.0,LA,Clippers,LAC,0,0,,,,,,0,0,,,,,,1
0022300708,496,2,1,4,8:16 PM,4:33,,,MISS George 25' 3PT Jump Shot,,,5,202331,Paul George,1610612746.0,LA,Clippers,LAC,0,0,,,,,,0,0,,,,,,1
0022300708,497,4,0,4,8:16 PM,4:28,Butler REBOUND (Off:2 Def:1),,,,,4,202710,Jimmy Butler III,1610612748.0,Miami,Heat,MIA,0,0,,,,,,0,0,,,,,,1
0022300708,498,1,75,4,8:16 PM,4:18,Rozier 2' Driving Finger Roll Layup (14 PTS),,,91 - 80,-11,4,1626179,Terry Rozier,1610612748.0,Miami,Heat,MIA,0,0,,,,,,0,0,,,,,,1
0022300708,499,6,2,4,8:16 PM,4:18,,,George S.FOUL (P2.T2) (R.Acosta),,,5,202331,Paul George,1610612746.0,LA,Clippers,LAC,4,1626179,Terry Rozier,1610612748.0,Miami,Heat,MIA,1,0,,,,,,1
0022300708,501,3,10,4,8:16 PM,4:18,Rozier Free Throw 1 of 1 (15 PTS),,,91 - 81,-10,4,1626179,Terry Rozier,1610612748.0,Miami,Heat,MIA,0,0,,,,,,0,0,,,,,,1
0022300708,502,5,1,4,8:17 PM,4:02,Adebayo STEAL (2 STL),,Leonard Bad Pass Turnover (P2.T13),,,5,202695,Kawhi Leonard,1610612746.0,LA,Clippers,LAC,4,1628389,Bam Adebayo,1610612748.0,Miami,Heat,MIA,0,0,,,,,,1
0022300708,504,2,41,4,8:17 PM,3:55,MISS Adebayo 4' Running Layup,,Leonard BLOCK (2 BLK),,,4,1628389,Bam Adebayo,1610612748.0,Miami,Heat,MIA,0,0,,,,,,5,202695,Kawhi Leonard,1610612746.0,LA,Clippers,LAC,1
0022300708,506,4,0,4,8:17 PM,3:52,,,Leonard REBOUND (Off:3 Def:6),,,5,202695,Kawhi Leonard,1610612746.0,LA,Clippers,LAC,0,0,,,,,,0,0,,,,,,1
0022300708,507,5,1,4,8:17 PM,3:34,Adebayo STEAL (3 STL),,George Bad Pass Turnover (P3.T14),,,5,202331,Paul George,1610612746.0,LA,Clippers,LAC,4,1628389,Bam Adebayo,1610612748.0,Miami,Heat,MIA,0,0,,,,,,1
0022300708,509,2,2,4,8:17 PM,3:29,MISS Richardson 27' 3PT Running Jump Shot,,,,,4,1626196,Josh Richardson,1610612748.0,Miami,Heat,MIA,0,0,,,,,,0,0,,,,,,1
0022300708,510,4,0,4,8:17 PM,3:25,Martin REBOUND (Off:1 Def:3),,,,,4,1628997,Caleb Martin,1610612748.0,Miami,Heat,MIA,0,0,,,,,,0,0,,,,,,1
0022300708,511,2,1,4,8:17 PM,3:23,MISS Rozier 3PT Jump Shot,,,,,4,1626179,Terry Rozier,1610612748.0,Miami,Heat,MIA,0,0,,,,,,0,0,,,,,,1
0022300708,512,4,0,4,8:17 PM,3:23,HEAT Rebound,,,,,2,1610612748,,,,,,0,0,,,,,,0,0,,,,,,1
0022300708,514,2,1,4,8:18 PM,3:11,MISS Butler 24' 3PT Jump Shot,,,,,4,202710,Jimmy Butler III,1610612748.0,Miami,Heat,MIA,0,0,,,,,,0,0,,,,,,1
0022300708,515,4,0,4,8:18 PM,3:07,,,Leonard REBOUND (Off:3 Def:7),,,5,202695,Kawhi Leonard,1610612746.0,LA,Clippers,LAC,0,0,,,,,,0,0,,,,,,1
0022300708,516,6,2,4,8:18 PM,2:55,Rozier S.FOUL (P2.PN) (B.Nansel),,,,,4,1626179,Terry Rozier,1610612748.0,Miami,Heat,MIA,5,203486,Mason Plumlee,1610612746.0,LA,Clippers,LAC,1,0,,,,,,1
0022300708,518,3,11,4,8:19 PM,2:55,,,Plumlee Free Throw 1 of 2 (3 PTS),92 - 81,-11,5,203486,Mason Plumlee,1610612746.0,LA,Clippers,LAC,0,0,,,,,,0,0,,,,,,1
0022300708,519,3,12,4,8:19 PM,2:55,,,MISS Plumlee Free Throw 2 of 2,,,5,203486,Mason Plumlee,1610612746.0,LA,Clippers,LAC,0,0,,,,,,0,0,,,,,,1
0022300708,520,4,0,4,8:19 PM,2:52,Adebayo REBOUND (Off:4 Def:9),,,,,4,1628389,Bam Adebayo,1610612748.0,Miami,Heat,MIA,0,0,,,,,,0,0,,,,,,1
0022300708,522,1,79,4,8:20 PM,2:36,Richardson 11' Pullup Jump Shot (14 PTS) (Adebayo 3 AST),,,92 - 83,-9,4,1626196,Josh Richardson,1610612748.0,Miami,Heat,MIA,4,1628389,Bam Adebayo,1610612748.0,Miami,Heat,MIA,0,0,,,,,,1
0022300708,523,6,4,4,8:20 PM,2:16,,,Leonard OFF.Foul (P1) (R.Acosta),,,5,202695,Kawhi Leonard,1610612746.0,LA,Clippers,LAC,4,1626179,Terry Rozier,1610612748.0,Miami,Heat,MIA,1,0,,,,,,1
0022300708,525,5,37,4,8:20 PM,2:16,,,Leonard Offensive Foul Turnover (P3.T15),,,5,202695,Kawhi Leonard,1610612746.0,LA,Clippers,LAC,0,0,,,,,,1,0,,,,,,1
0022300708,526,2,1,4,8:20 PM,2:02,MISS Rozier 26' 3PT Jump Shot,,,,,4,1626179,Terry Rozier,1610612748.0,Miami,Heat,MIA,0,0,,,,,,0,0,,,,,,1
0022300708,527,4,0,4,8:20 PM,1:59,,,Plumlee REBOUND (Off:2 Def:7),,,5,203486,Mason Plumlee,1610612746.0,LA,Clippers,LAC,0,0,,,,,,0,0,,,,,,1
0022300708,528,1,5,4,8:21 PM,1:40,,,Plumlee 1' Layup (5 PTS) (Leonard 4 AST),94 - 83,-11,5,203486,Mason Plumlee,1610612746.0,LA,Clippers,LAC,5,202695,Kawhi Leonard,1610612746.0,LA,Clippers,LAC,0,0,,,,,,1
0022300708,530,1,75,4,8:21 PM,1:25,Martin 2' Driving Finger Roll Layup (11 PTS) (Richardson 4 AST),,,94 - 85,-9,4,1628997,Caleb Martin,1610612748.0,Miami,Heat,MIA,4,1626196,Josh Richardson,1610612748.0,Miami,Heat,MIA,0,0,,,,,,1
0022300708,531,9,1,4,8:22 PM,1:17,,,Clippers Timeout: Regular (Reg.6 Short 0),,,3,1610612746,,,,,,0,0,,,,,,0,0,,,,,,0
0022300708,532,8,0,4,8:22 PM,1:17,,,SUB: Coffey FOR Plumlee,,,5,203486,Mason Plumlee,1610612746.0,LA,Clippers,LAC,5,1629599,Amir Coffey,1610612746.0,LA,Clippers,LAC,0,0,,,,,,0
0022300708,534,5,2,4,8:23 PM,1:10,Butler STEAL (1 STL),,George Lost Ball Turnover (P4.T16),,,5,202331,Paul George,1610612746.0,LA,Clippers,LAC,4,202710,Jimmy Butler III,1610612748.0,Miami,Heat,MIA,0,0,,,,,,1
0022300708,536,1,50,4,8:23 PM,1:10,Adebayo 2' Running Dunk (14 PTS),,,94 - 87,-7,4,1628389,Bam Adebayo,1610612748.0,Miami,Heat,MIA,0,0,,,,,,0,0,,,,,,1
0022300708,537,6,2,4,8:23 PM,1:04,Adebayo S.FOUL (P1.PN) (J.Goble),,,,,4,1628389,Bam Adebayo,1610612748.0,Miami,Heat,MIA,5,202695,Kawhi Leonard,1610612746.0,LA,Clippers,LAC,1,0,,,,,,1
0022300708,539,3,11,4,8:24 PM,1:04,,,Leonard Free Throw 1 of 2 (22 PTS),95 - 87,-8,5,202695,Kawhi Leonard,1610612746.0,LA,Clippers,LAC,0,0,,,,,,0,0,,,,,,1
0022300708,541,3,12,4,8:24 PM,1:04,,,Leonard Free Throw 2 of 2 (23 PTS),96 - 87,-9,5,202695,Kawhi Leonard,1610612746.0,LA,Clippers,LAC,0,0,,,,,,0,0,,,,,,1
0022300708,542,1,75,4,8:24 PM,0:57,Rozier 2' Driving Finger Roll Layup (17 PTS),,,96 - 89,-7,4,1626179,Terry Rozier,1610612748.0,Miami,Heat,MIA,0,0,,,,,,0,0,,,,,,1
0022300708,543,5,1,4,8:24 PM,0:53,Butler STEAL (2 STL),,Harden Bad Pass Turnover (P4.T17),,,5,201935,James Harden,1610612746.0,LA,Clippers,LAC,4,202710,Jimmy Butler III,1610612748.0,Miami,Heat,MIA,0,0,,,,,,1
0022300708,545,2,80,4,8:25 PM,0:48,MISS Rozier 3PT Step Back Jump Shot,,,,,4,1626179,Terry Rozier,1610612748.0,Miami,Heat,MIA,0,0,,,,,,0,0,,,,,,1
0022300708,546,4,0,4,8:25 PM,0:46,,,Harden REBOUND (Off:0 Def:8),,,5,201935,James Harden,1610612746.0,LA,Clippers,LAC,0,0,,,,,,0,0,,,,,,1
0022300708,547,6,1,4,8:25 PM,0:41,Rozier P.FOUL (P3.PN) (J.Goble),,,,,4,1626179,Terry Rozier,1610612748.0,Miami,Heat,MIA,5,202331,Paul George,1610612746.0,LA,Clippers,LAC,1,0,,,,,,1
0022300708,549,3,11,4,8:25 PM,0:41,,,George Free Throw 1 of 2 (12 PTS),97 - 89,-8,5,202331,Paul George,1610612746.0,LA,Clippers,LAC,0,0,,,,,,0,0,,,,,,1
0022300708,550,3,12,4,8:25 PM,0:41,,,George Free Throw 2 of 2 (13 PTS),98 - 89,-9,5,202331,Paul George,1610612746.0,LA,Clippers,LAC,0,0,,,,,,0,0,,,,,,1
0022300708,551,9,1,4,8:26 PM,0:41,HEAT Timeout: Regular (Full 5 Short 0),,,,,2,1610612748,,,,,,0,0,,,,,,0,0,,,,,,0
0022300708,552,1,79,4,8:27 PM,0:37,Butler 28' 3PT Pullup Jump Shot (18 PTS),,,98 - 92,-6,4,202710,Jimmy Butler III,1610612748.0,Miami,Heat,MIA,0,0,,,,,,0,0,,,,,,1
0022300708,553,6,28,4,8:28 PM,0:21,Butler Personal Take Foul (P1.PN) (J.Goble),,,,,4,202710,Jimmy Butler III,1610612748.0,Miami,Heat,MIA,5,201935,James Harden,1610612746.0,LA,Clippers,LAC,1,0,,,,,,1
0022300708,555,3,11,4,8:28 PM,0:21,,,MISS Harden Free Throw 1 of 2,,,5,201935,James Harden,1610612746.0,LA,Clippers,LAC,0,0,,,,,,0,0,,,,,,1
0022300708,556,4,1,4,8:28 PM,0:21,,,Clippers Rebound,,,3,1610612746,,,,,,0,0,,,,,,0,0,,,,,,1
0022300708,557,3,12,4,8:29 PM,0:21,,,Harden Free Throw 2 of 2 (21 PTS),99 - 92,-7,5,201935,James Harden,1610612746.0,LA,Clippers,LAC,0,0,,,,,,0,0,,,,,,1
0022300708,559,1,6,4,8:29 PM,0:13,Butler 1' Driving Layup (20 PTS) (Rozier 5 AST),,,99 - 94,-5,4,202710,Jimmy Butler III,1610612748.0,Miami,Heat,MIA,4,1626179,Terry Rozier,1610612748.0,Miami,Heat,MIA,0,0,,,,,,1
0022300708,561,6,2,4,8:29 PM,0:13,,,Leonard S.FOUL (P2.T3) (B.Nansel),,,5,202695,Kawhi Leonard,1610612746.0,LA,Clippers,LAC,4,202710,Jimmy Butler III,1610612748.0,Miami,Heat,MIA,1,0,,,,,,1
0022300708,563,3,10,4,8:29 PM,0:13,Butler Free Throw 1 of 1 (21 PTS),,,99 - 95,-4,4,202710,Jimmy Butler III,1610612748.0,Miami,Heat,MIA,0,0,,,,,,0,0,,,,,,1
0022300708,564,9,1,4,8:29 PM,0:13,,,Clippers Timeout: Regular (Reg.7 Short 0),,,3,1610612746,,,,,,0,0,,,,,,0,0,,,,,,0
0022300708,565,6,28,4,8:31 PM,0:07,Rozier Personal Take Foul (P4.PN) (B.Nansel),,,,,4,1626179,Terry Rozier,1610612748.0,Miami,Heat,MIA,5,202331,Paul George,1610612746.0,LA,Clippers,LAC,1,0,,,,,,1
0022300708,567,3,11,4,8:31 PM,0:07,,,George Free Throw 1 of 2 (14 PTS),100 - 95,-5,5,202331,Paul George,1610612746.0,LA,Clippers,LAC,0,0,,,,,,0,0,,,,,,1
0022300708,568,3,12,4,8:32 PM,0:07,,,George Free Throw 2 of 2 (15 PTS),101 - 95,-6,5,202331,Paul George,1610612746.0,LA,Clippers,LAC,0,0,,,,,,0,0,,,,,,1
0022300708,569,9,1,4,8:32 PM,0:07,HEAT Timeout: Regular (Full 6 Short 0),,,,,2,1610612748,,,,,,0,0,,,,,,0,0,,,,,,0
0022300708,578,2,1,4,8:33 PM,0:05,MISS Butler 3PT Jump Shot,,Coffey BLOCK (1 BLK),,,4,202710,Jimmy Butler III,1610612748.0,Miami,Heat,MIA,0,0,,,,,,5,1629599,Amir Coffey,1610612746.0,LA,Clippers,LAC,1
0022300708,580,4,0,4,8:33 PM,0:05,Butler REBOUND (Off:3 Def:1),,,,,4,202710,Jimmy Butler III,1610612748.0,Miami,Heat,MIA,0,0,,,,,,0,0,,,,,,1
0022300708,570,2,1,4,8:33 PM,0:02,MISS Butler 24' 3PT Jump Shot,,,,,4,202710,Jimmy Butler III,1610612748.0,Miami,Heat,MIA,0,0,,,,,,0,0,,,,,,1
0022300708,571,4,0,4,8:33 PM,0:01,,,Leonard REBOUND (Off:3 Def:8),,,5,202695,Kawhi Leonard,1610612746.0,LA,Clippers,LAC,0,0,,,,,,0,0,,,,,,1
0022300708,572,6,28,4,8:33 PM,0:01,Martin Personal Take Foul (P3.PN) (B.Nansel),,,,,4,1628997,Caleb Martin,1610612748.0,Miami,Heat,MIA,5,202695,Kawhi Leonard,1610612746.0,LA,Clippers,LAC,1,0,,,,,,1
0022300708,574,3,11,4,8:34 PM,0:01,,,Leonard Free Throw 1 of 2 (24 PTS),102 - 95,-7,5,202695,Kawhi Leonard,1610612746.0,LA,Clippers,LAC,0,0,,,,,,0,0,,,,,,1
0022300708,575,3,12,4,8:34 PM,0:01,,,Leonard Free Throw 2 of 2 (25 PTS),103 - 95,-8,5,202695,Kawhi Leonard,1610612746.0,LA,Clippers,LAC,0,0,,,,,,0,0,,,,,,1
0022300708,576,13,0,4,8:34 PM,0:00,,End of 4th Period (8:34 PM EST),,103 - 95,-8,0,0,,,,,,0,0,,,,,,0,0,,,,,,1
